FIPS,County,State
0500000US01001,Autauga, AL
0500000US01003,Baldwin, AL
0500000US01005,Barbour, AL
0500000US01007,Bibb, AL
0500000US01009,Blount, AL
0500000US01011,Bullock, AL
0500000US01013,Butler, AL
0500000US01015,Calhoun, AL
0500000US01017,Chambers, AL
0500000US01019,Cherokee, AL
0500000US01021,Chilton, AL
0500000US01023,Choctaw, AL
0500000US01025,Clarke, AL
0500000US01027,Clay, AL
0500000US01029,Cleburne, AL
0500000US01031,Coffee, AL
0500000US01033,Colbert, AL
0500000US01035,Conecuh, AL
0500000US01037,Coosa, AL
0500000US01039,Covington, AL
0500000US01041,Crenshaw, AL
0500000US01043,Cullman, AL
0500000US01045,Dale, AL
0500000US01047,Dallas, AL
0500000US01049,DeKalb, AL
0500000US01051,Elmore, AL
0500000US01053,Escambia, AL
0500000US01055,Etowah, AL
0500000US01057,Fayette, AL
0500000US01059,Franklin, AL
0500000US01061,Geneva, AL
0500000US01063,Greene, AL
0500000US01065,Hale, AL
0500000US01067,Henry, AL
0500000US01069,Houston, AL
0500000US01071,Jackson, AL
0500000US01073,Jefferson, AL
0500000US01075,Lamar, AL
0500000US01077,Lauderdale, AL
0500000US01079,Lawrence, AL
0500000US01081,Lee, AL
0500000US01083,Limestone, AL
0500000US01085,Lowndes, AL
0500000US01087,Macon, AL
0500000US01089,Madison, AL
0500000US01091,Marengo, AL
0500000US01093,Marion, AL
0500000US01095,Marshall, AL
0500000US01097,Mobile, AL
0500000US01099,Monroe, AL
0500000US01101,Montgomery, AL
0500000US01103,Morgan, AL
0500000US01105,Perry, AL
0500000US01107,Pickens, AL
0500000US01109,Pike, AL
0500000US01111,Randolph, AL
0500000US01113,Russell, AL
0500000US01115,St. Clair, AL
0500000US01117,Shelby, AL
0500000US01119,Sumter, AL
0500000US01121,Talladega, AL
0500000US01123,Tallapoosa, AL
0500000US01125,Tuscaloosa, AL
0500000US01127,Walker, AL
0500000US01129,Washington, AL
0500000US01131,Wilcox, AL
0500000US01133,Winston, AL
0500000US02013,Aleutians East, AK
0500000US02016,Aleutians West, AK
0500000US02020,Anchorage, AK
0500000US02050,Bethel, AK
0500000US02060,Bristol Bay, AK
0500000US02068,Denali, AK
0500000US02070,Dillingham, AK
0500000US02090,Fairbanks North Star, AK
0500000US02100,Haines, AK
0500000US02110,Juneau, AK
0500000US02122,Kenai Peninsula, AK
0500000US02130,Ketchikan Gateway, AK
0500000US02150,Kodiak Island, AK
0500000US02164,Lake and Peninsula, AK
0500000US02170,Matanuska-Susitna, AK
0500000US02180,Nome, AK
0500000US02185,North Slope, AK
0500000US02188,Northwest Arctic, AK
0500000US02201,Prince of Wales-Outer Ketchikan, AK
0500000US02220,Sitka, AK
0500000US02232,Skagway-Hoonah-Angoon, AK
0500000US02240,Southeast Fairbanks, AK
0500000US02261,Valdez-Cordova, AK
0500000US02270,Wade Hampton, AK
0500000US02280,Wrangell-Petersburg, AK
0500000US02282,Yakutat, AK
0500000US02290,Yukon-Koyukuk, AK
0500000US04001,Apache, AZ
0500000US04003,Cochise, AZ
0500000US04005,Coconino, AZ
0500000US04007,Gila, AZ
0500000US04009,Graham, AZ
0500000US04011,Greenlee, AZ
0500000US04012,La Paz, AZ
0500000US04013,Maricopa, AZ
0500000US04015,Mohave, AZ
0500000US04017,Navajo, AZ
0500000US04019,Pima, AZ
0500000US04021,Pinal, AZ
0500000US04023,Santa Cruz, AZ
0500000US04025,Yavapai, AZ
0500000US04027,Yuma, AZ
0500000US05001,Arkansas, AR
0500000US05003,Ashley, AR
0500000US05005,Baxter, AR
0500000US05007,Benton, AR
0500000US05009,Boone, AR
0500000US05011,Bradley, AR
0500000US05013,Calhoun, AR
0500000US05015,Carroll, AR
0500000US05017,Chicot, AR
0500000US05019,Clark, AR
0500000US05021,Clay, AR
0500000US05023,Cleburne, AR
0500000US05025,Cleveland, AR
0500000US05027,Columbia, AR
0500000US05029,Conway, AR
0500000US05031,Craighead, AR
0500000US05033,Crawford, AR
0500000US05035,Crittenden, AR
0500000US05037,Cross, AR
0500000US05039,Dallas, AR
0500000US05041,Desha, AR
0500000US05043,Drew, AR
0500000US05045,Faulkner, AR
0500000US05047,Franklin, AR
0500000US05049,Fulton, AR
0500000US05051,Garland, AR
0500000US05053,Grant, AR
0500000US05055,Greene, AR
0500000US05057,Hempstead, AR
0500000US05059,Hot Spring, AR
0500000US05061,Howard, AR
0500000US05063,Independence, AR
0500000US05065,Izard, AR
0500000US05067,Jackson, AR
0500000US05069,Jefferson, AR
0500000US05071,Johnson, AR
0500000US05073,Lafayette, AR
0500000US05075,Lawrence, AR
0500000US05077,Lee, AR
0500000US05079,Lincoln, AR
0500000US05081,Little River, AR
0500000US05083,Logan, AR
0500000US05085,Lonoke, AR
0500000US05087,Madison, AR
0500000US05089,Marion, AR
0500000US05091,Miller, AR
0500000US05093,Mississippi, AR
0500000US05095,Monroe, AR
0500000US05097,Montgomery, AR
0500000US05099,Nevada, AR
0500000US05101,Newton, AR
0500000US05103,Ouachita, AR
0500000US05105,Perry, AR
0500000US05107,Phillips, AR
0500000US05109,Pike, AR
0500000US05111,Poinsett, AR
0500000US05113,Polk, AR
0500000US05115,Pope, AR
0500000US05117,Prairie, AR
0500000US05119,Pulaski, AR
0500000US05121,Randolph, AR
0500000US05123,St. Francis, AR
0500000US05125,Saline, AR
0500000US05127,Scott, AR
0500000US05129,Searcy, AR
0500000US05131,Sebastian, AR
0500000US05133,Sevier, AR
0500000US05135,Sharp, AR
0500000US05137,Stone, AR
0500000US05139,Union, AR
0500000US05141,Van Buren, AR
0500000US05143,Washington, AR
0500000US05145,White, AR
0500000US05147,Woodruff, AR
0500000US05149,Yell, AR
0500000US06001,Alameda, CA
0500000US06003,Alpine, CA
0500000US06005,Amador, CA
0500000US06007,Butte, CA
0500000US06009,Calaveras, CA
0500000US06011,Colusa, CA
0500000US06013,Contra Costa, CA
0500000US06015,Del Norte, CA
0500000US06017,El Dorado, CA
0500000US06019,Fresno, CA
0500000US06021,Glenn, CA
0500000US06023,Humboldt, CA
0500000US06025,Imperial, CA
0500000US06027,Inyo, CA
0500000US06029,Kern, CA
0500000US06031,Kings, CA
0500000US06033,Lake, CA
0500000US06035,Lassen, CA
0500000US06037,Los Angeles, CA
0500000US06039,Madera, CA
0500000US06041,Marin, CA
0500000US06043,Mariposa, CA
0500000US06045,Mendocino, CA
0500000US06047,Merced, CA
0500000US06049,Modoc, CA
0500000US06051,Mono, CA
0500000US06053,Monterey, CA
0500000US06055,Napa, CA
0500000US06057,Nevada, CA
0500000US06059,Orange, CA
0500000US06061,Placer, CA
0500000US06063,Plumas, CA
0500000US06065,Riverside, CA
0500000US06067,Sacramento, CA
0500000US06069,San Benito, CA
0500000US06071,San Bernardino, CA
0500000US06073,San Diego, CA
0500000US06075,San Francisco, CA
0500000US06077,San Joaquin, CA
0500000US06079,San Luis Obispo, CA
0500000US06081,San Mateo, CA
0500000US06083,Santa Barbara, CA
0500000US06085,Santa Clara, CA
0500000US06087,Santa Cruz, CA
0500000US06089,Shasta, CA
0500000US06091,Sierra, CA
0500000US06093,Siskiyou, CA
0500000US06095,Solano, CA
0500000US06097,Sonoma, CA
0500000US06099,Stanislaus, CA
0500000US06101,Sutter, CA
0500000US06103,Tehama, CA
0500000US06105,Trinity, CA
0500000US06107,Tulare, CA
0500000US06109,Tuolumne, CA
0500000US06111,Ventura, CA
0500000US06113,Yolo, CA
0500000US06115,Yuba, CA
0500000US08001,Adams, CO
0500000US08003,Alamosa, CO
0500000US08005,Arapahoe, CO
0500000US08007,Archuleta, CO
0500000US08009,Baca, CO
0500000US08011,Bent, CO
0500000US08013,Boulder, CO
0500000US08014,Broomfield, CO
0500000US08015,Chaffee, CO
0500000US08017,Cheyenne, CO
0500000US08019,Clear Creek, CO
0500000US08021,Conejos, CO
0500000US08023,Costilla, CO
0500000US08025,Crowley, CO
0500000US08027,Custer, CO
0500000US08029,Delta, CO
0500000US08031,Denver, CO
0500000US08033,Dolores, CO
0500000US08035,Douglas, CO
0500000US08037,Eagle, CO
0500000US08039,Elbert, CO
0500000US08041,El Paso, CO
0500000US08043,Fremont, CO
0500000US08045,Garfield, CO
0500000US08047,Gilpin, CO
0500000US08049,Grand, CO
0500000US08051,Gunnison, CO
0500000US08053,Hinsdale, CO
0500000US08055,Huerfano, CO
0500000US08057,Jackson, CO
0500000US08059,Jefferson, CO
0500000US08061,Kiowa, CO
0500000US08063,Kit Carson, CO
0500000US08065,Lake, CO
0500000US08067,La Plata, CO
0500000US08069,Larimer, CO
0500000US08071,Las Animas, CO
0500000US08073,Lincoln, CO
0500000US08075,Logan, CO
0500000US08077,Mesa, CO
0500000US08079,Mineral, CO
0500000US08081,Moffat, CO
0500000US08083,Montezuma, CO
0500000US08085,Montrose, CO
0500000US08087,Morgan, CO
0500000US08089,Otero, CO
0500000US08091,Ouray, CO
0500000US08093,Park, CO
0500000US08095,Phillips, CO
0500000US08097,Pitkin, CO
0500000US08099,Prowers, CO
0500000US08101,Pueblo, CO
0500000US08103,Rio Blanco, CO
0500000US08105,Rio Grande, CO
0500000US08107,Routt, CO
0500000US08109,Saguache, CO
0500000US08111,San Juan, CO
0500000US08113,San Miguel, CO
0500000US08115,Sedgwick, CO
0500000US08117,Summit, CO
0500000US08119,Teller, CO
0500000US08121,Washington, CO
0500000US08123,Weld, CO
0500000US08125,Yuma, CO
0500000US09001,Fairfield, CT
0500000US09003,Hartford, CT
0500000US09005,Litchfield, CT
0500000US09007,Middlesex, CT
0500000US09009,New Haven, CT
0500000US09011,New London, CT
0500000US09013,Tolland, CT
0500000US09015,Windham, CT
0500000US10001,Kent, DE
0500000US10003,New Castle, DE
0500000US10005,Sussex, DE
0500000US11001,District of Columbia, DC
0500000US12001,Alachua, FL
0500000US12003,Baker, FL
0500000US12005,Bay, FL
0500000US12007,Bradford, FL
0500000US12009,Brevard, FL
0500000US12011,Broward, FL
0500000US12013,Calhoun, FL
0500000US12015,Charlotte, FL
0500000US12017,Citrus, FL
0500000US12019,Clay, FL
0500000US12021,Collier, FL
0500000US12023,Columbia, FL
0500000US12027,DeSoto, FL
0500000US12029,Dixie, FL
0500000US12031,Duval, FL
0500000US12033,Escambia, FL
0500000US12035,Flagler, FL
0500000US12037,Franklin, FL
0500000US12039,Gadsden, FL
0500000US12041,Gilchrist, FL
0500000US12043,Glades, FL
0500000US12045,Gulf, FL
0500000US12047,Hamilton, FL
0500000US12049,Hardee, FL
0500000US12051,Hendry, FL
0500000US12053,Hernando, FL
0500000US12055,Highlands, FL
0500000US12057,Hillsborough, FL
0500000US12059,Holmes, FL
0500000US12061,Indian River, FL
0500000US12063,Jackson, FL
0500000US12065,Jefferson, FL
0500000US12067,Lafayette, FL
0500000US12069,Lake, FL
0500000US12071,Lee, FL
0500000US12073,Leon, FL
0500000US12075,Levy, FL
0500000US12077,Liberty, FL
0500000US12079,Madison, FL
0500000US12081,Manatee, FL
0500000US12083,Marion, FL
0500000US12085,Martin, FL
0500000US12086,Miami-Dade, FL
0500000US12087,Monroe, FL
0500000US12089,Nassau, FL
0500000US12091,Okaloosa, FL
0500000US12093,Okeechobee, FL
0500000US12095,Orange, FL
0500000US12097,Osceola, FL
0500000US12099,Palm Beach, FL
0500000US12101,Pasco, FL
0500000US12103,Pinellas, FL
0500000US12105,Polk, FL
0500000US12107,Putnam, FL
0500000US12109,St. Johns, FL
0500000US12111,St. Lucie, FL
0500000US12113,Santa Rosa, FL
0500000US12115,Sarasota, FL
0500000US12117,Seminole, FL
0500000US12119,Sumter, FL
0500000US12121,Suwannee, FL
0500000US12123,Taylor, FL
0500000US12125,Union, FL
0500000US12127,Volusia, FL
0500000US12129,Wakulla, FL
0500000US12131,Walton, FL
0500000US12133,Washington, FL
0500000US13001,Appling, GA
0500000US13003,Atkinson, GA
0500000US13005,Bacon, GA
0500000US13007,Baker, GA
0500000US13009,Baldwin, GA
0500000US13011,Banks, GA
0500000US13013,Barrow, GA
0500000US13015,Bartow, GA
0500000US13017,Ben Hill, GA
0500000US13019,Berrien, GA
0500000US13021,Bibb, GA
0500000US13023,Bleckley, GA
0500000US13025,Brantley, GA
0500000US13027,Brooks, GA
0500000US13029,Bryan, GA
0500000US13031,Bulloch, GA
0500000US13033,Burke, GA
0500000US13035,Butts, GA
0500000US13037,Calhoun, GA
0500000US13039,Camden, GA
0500000US13043,Candler, GA
0500000US13045,Carroll, GA
0500000US13047,Catoosa, GA
0500000US13049,Charlton, GA
0500000US13051,Chatham, GA
0500000US13053,Chattahoochee, GA
0500000US13055,Chattooga, GA
0500000US13057,Cherokee, GA
0500000US13059,Clarke, GA
0500000US13061,Clay, GA
0500000US13063,Clayton, GA
0500000US13065,Clinch, GA
0500000US13067,Cobb, GA
0500000US13069,Coffee, GA
0500000US13071,Colquitt, GA
0500000US13073,Columbia, GA
0500000US13075,Cook, GA
0500000US13077,Coweta, GA
0500000US13079,Crawford, GA
0500000US13081,Crisp, GA
0500000US13083,Dade, GA
0500000US13085,Dawson, GA
0500000US13087,Decatur, GA
0500000US13089,DeKalb, GA
0500000US13091,Dodge, GA
0500000US13093,Dooly, GA
0500000US13095,Dougherty, GA
0500000US13097,Douglas, GA
0500000US13099,Early, GA
0500000US13101,Echols, GA
0500000US13103,Effingham, GA
0500000US13105,Elbert, GA
0500000US13107,Emanuel, GA
0500000US13109,Evans, GA
0500000US13111,Fannin, GA
0500000US13113,Fayette, GA
0500000US13115,Floyd, GA
0500000US13117,Forsyth, GA
0500000US13119,Franklin, GA
0500000US13121,Fulton, GA
0500000US13123,Gilmer, GA
0500000US13125,Glascock, GA
0500000US13127,Glynn, GA
0500000US13129,Gordon, GA
0500000US13131,Grady, GA
0500000US13133,Greene, GA
0500000US13135,Gwinnett, GA
0500000US13137,Habersham, GA
0500000US13139,Hall, GA
0500000US13141,Hancock, GA
0500000US13143,Haralson, GA
0500000US13145,Harris, GA
0500000US13147,Hart, GA
0500000US13149,Heard, GA
0500000US13151,Henry, GA
0500000US13153,Houston, GA
0500000US13155,Irwin, GA
0500000US13157,Jackson, GA
0500000US13159,Jasper, GA
0500000US13161,Jeff Davis, GA
0500000US13163,Jefferson, GA
0500000US13165,Jenkins, GA
0500000US13167,Johnson, GA
0500000US13169,Jones, GA
0500000US13171,Lamar, GA
0500000US13173,Lanier, GA
0500000US13175,Laurens, GA
0500000US13177,Lee, GA
0500000US13179,Liberty, GA
0500000US13181,Lincoln, GA
0500000US13183,Long, GA
0500000US13185,Lowndes, GA
0500000US13187,Lumpkin, GA
0500000US13189,McDuffie, GA
0500000US13191,McIntosh, GA
0500000US13193,Macon, GA
0500000US13195,Madison, GA
0500000US13197,Marion, GA
0500000US13199,Meriwether, GA
0500000US13201,Miller, GA
0500000US13205,Mitchell, GA
0500000US13207,Monroe, GA
0500000US13209,Montgomery, GA
0500000US13211,Morgan, GA
0500000US13213,Murray, GA
0500000US13215,Muscogee, GA
0500000US13217,Newton, GA
0500000US13219,Oconee, GA
0500000US13221,Oglethorpe, GA
0500000US13223,Paulding, GA
0500000US13225,Peach, GA
0500000US13227,Pickens, GA
0500000US13229,Pierce, GA
0500000US13231,Pike, GA
0500000US13233,Polk, GA
0500000US13235,Pulaski, GA
0500000US13237,Putnam, GA
0500000US13239,Quitman, GA
0500000US13241,Rabun, GA
0500000US13243,Randolph, GA
0500000US13245,Richmond, GA
0500000US13247,Rockdale, GA
0500000US13249,Schley, GA
0500000US13251,Screven, GA
0500000US13253,Seminole, GA
0500000US13255,Spalding, GA
0500000US13257,Stephens, GA
0500000US13259,Stewart, GA
0500000US13261,Sumter, GA
0500000US13263,Talbot, GA
0500000US13265,Taliaferro, GA
0500000US13267,Tattnall, GA
0500000US13269,Taylor, GA
0500000US13271,Telfair, GA
0500000US13273,Terrell, GA
0500000US13275,Thomas, GA
0500000US13277,Tift, GA
0500000US13279,Toombs, GA
0500000US13281,Towns, GA
0500000US13283,Treutlen, GA
0500000US13285,Troup, GA
0500000US13287,Turner, GA
0500000US13289,Twiggs, GA
0500000US13291,Union, GA
0500000US13293,Upson, GA
0500000US13295,Walker, GA
0500000US13297,Walton, GA
0500000US13299,Ware, GA
0500000US13301,Warren, GA
0500000US13303,Washington, GA
0500000US13305,Wayne, GA
0500000US13307,Webster, GA
0500000US13309,Wheeler, GA
0500000US13311,White, GA
0500000US13313,Whitfield, GA
0500000US13315,Wilcox, GA
0500000US13317,Wilkes, GA
0500000US13319,Wilkinson, GA
0500000US13321,Worth, GA
0500000US15001,Hawaii, HI
0500000US15003,Honolulu, HI
0500000US15005,Kalawao, HI
0500000US15007,Kauai, HI
0500000US15009,Maui, HI
0500000US16001,Ada, ID
0500000US16003,Adams, ID
0500000US16005,Bannock, ID
0500000US16007,Bear Lake, ID
0500000US16009,Benewah, ID
0500000US16011,Bingham, ID
0500000US16013,Blaine, ID
0500000US16015,Boise, ID
0500000US16017,Bonner, ID
0500000US16019,Bonneville, ID
0500000US16021,Boundary, ID
0500000US16023,Butte, ID
0500000US16025,Camas, ID
0500000US16027,Canyon, ID
0500000US16029,Caribou, ID
0500000US16031,Cassia, ID
0500000US16033,Clark, ID
0500000US16035,Clearwater, ID
0500000US16037,Custer, ID
0500000US16039,Elmore, ID
0500000US16041,Franklin, ID
0500000US16043,Fremont, ID
0500000US16045,Gem, ID
0500000US16047,Gooding, ID
0500000US16049,Idaho, ID
0500000US16051,Jefferson, ID
0500000US16053,Jerome, ID
0500000US16055,Kootenai, ID
0500000US16057,Latah, ID
0500000US16059,Lemhi, ID
0500000US16061,Lewis, ID
0500000US16063,Lincoln, ID
0500000US16065,Madison, ID
0500000US16067,Minidoka, ID
0500000US16069,Nez Perce, ID
0500000US16071,Oneida, ID
0500000US16073,Owyhee, ID
0500000US16075,Payette, ID
0500000US16077,Power, ID
0500000US16079,Shoshone, ID
0500000US16081,Teton, ID
0500000US16083,Twin Falls, ID
0500000US16085,Valley, ID
0500000US16087,Washington, ID
0500000US17001,Adams, IL
0500000US17003,Alexander, IL
0500000US17005,Bond, IL
0500000US17007,Boone, IL
0500000US17009,Brown, IL
0500000US17011,Bureau, IL
0500000US17013,Calhoun, IL
0500000US17015,Carroll, IL
0500000US17017,Cass, IL
0500000US17019,Champaign, IL
0500000US17021,Christian, IL
0500000US17023,Clark, IL
0500000US17025,Clay, IL
0500000US17027,Clinton, IL
0500000US17029,Coles, IL
0500000US17031,Cook, IL
0500000US17033,Crawford, IL
0500000US17035,Cumberland, IL
0500000US17037,DeKalb, IL
0500000US17039,De Witt, IL
0500000US17041,Douglas, IL
0500000US17043,DuPage, IL
0500000US17045,Edgar, IL
0500000US17047,Edwards, IL
0500000US17049,Effingham, IL
0500000US17051,Fayette, IL
0500000US17053,Ford, IL
0500000US17055,Franklin, IL
0500000US17057,Fulton, IL
0500000US17059,Gallatin, IL
0500000US17061,Greene, IL
0500000US17063,Grundy, IL
0500000US17065,Hamilton, IL
0500000US17067,Hancock, IL
0500000US17069,Hardin, IL
0500000US17071,Henderson, IL
0500000US17073,Henry, IL
0500000US17075,Iroquois, IL
0500000US17077,Jackson, IL
0500000US17079,Jasper, IL
0500000US17081,Jefferson, IL
0500000US17083,Jersey, IL
0500000US17085,Jo Daviess, IL
0500000US17087,Johnson, IL
0500000US17089,Kane, IL
0500000US17091,Kankakee, IL
0500000US17093,Kendall, IL
0500000US17095,Knox, IL
0500000US17097,Lake, IL
0500000US17099,La Salle, IL
0500000US17101,Lawrence, IL
0500000US17103,Lee, IL
0500000US17105,Livingston, IL
0500000US17107,Logan, IL
0500000US17109,McDonough, IL
0500000US17111,McHenry, IL
0500000US17113,McLean, IL
0500000US17115,Macon, IL
0500000US17117,Macoupin, IL
0500000US17119,Madison, IL
0500000US17121,Marion, IL
0500000US17123,Marshall, IL
0500000US17125,Mason, IL
0500000US17127,Massac, IL
0500000US17129,Menard, IL
0500000US17131,Mercer, IL
0500000US17133,Monroe, IL
0500000US17135,Montgomery, IL
0500000US17137,Morgan, IL
0500000US17139,Moultrie, IL
0500000US17141,Ogle, IL
0500000US17143,Peoria, IL
0500000US17145,Perry, IL
0500000US17147,Piatt, IL
0500000US17149,Pike, IL
0500000US17151,Pope, IL
0500000US17153,Pulaski, IL
0500000US17155,Putnam, IL
0500000US17157,Randolph, IL
0500000US17159,Richland, IL
0500000US17161,Rock Island, IL
0500000US17163,St. Clair, IL
0500000US17165,Saline, IL
0500000US17167,Sangamon, IL
0500000US17169,Schuyler, IL
0500000US17171,Scott, IL
0500000US17173,Shelby, IL
0500000US17175,Stark, IL
0500000US17177,Stephenson, IL
0500000US17179,Tazewell, IL
0500000US17181,Union, IL
0500000US17183,Vermilion, IL
0500000US17185,Wabash, IL
0500000US17187,Warren, IL
0500000US17189,Washington, IL
0500000US17191,Wayne, IL
0500000US17193,White, IL
0500000US17195,Whiteside, IL
0500000US17197,Will, IL
0500000US17199,Williamson, IL
0500000US17201,Winnebago, IL
0500000US17203,Woodford, IL
0500000US18001,Adams, IN
0500000US18003,Allen, IN
0500000US18005,Bartholomew, IN
0500000US18007,Benton, IN
0500000US18009,Blackford, IN
0500000US18011,Boone, IN
0500000US18013,Brown, IN
0500000US18015,Carroll, IN
0500000US18017,Cass, IN
0500000US18019,Clark, IN
0500000US18021,Clay, IN
0500000US18023,Clinton, IN
0500000US18025,Crawford, IN
0500000US18027,Daviess, IN
0500000US18029,Dearborn, IN
0500000US18031,Decatur, IN
0500000US18033,De Kalb, IN
0500000US18035,Delaware, IN
0500000US18037,Dubois, IN
0500000US18039,Elkhart, IN
0500000US18041,Fayette, IN
0500000US18043,Floyd, IN
0500000US18045,Fountain, IN
0500000US18047,Franklin, IN
0500000US18049,Fulton, IN
0500000US18051,Gibson, IN
0500000US18053,Grant, IN
0500000US18055,Greene, IN
0500000US18057,Hamilton, IN
0500000US18059,Hancock, IN
0500000US18061,Harrison, IN
0500000US18063,Hendricks, IN
0500000US18065,Henry, IN
0500000US18067,Howard, IN
0500000US18069,Huntington, IN
0500000US18071,Jackson, IN
0500000US18073,Jasper, IN
0500000US18075,Jay, IN
0500000US18077,Jefferson, IN
0500000US18079,Jennings, IN
0500000US18081,Johnson, IN
0500000US18083,Knox, IN
0500000US18085,Kosciusko, IN
0500000US18087,Lagrange, IN
0500000US18089,Lake, IN
0500000US18091,La Porte, IN
0500000US18093,Lawrence, IN
0500000US18095,Madison, IN
0500000US18097,Marion, IN
0500000US18099,Marshall, IN
0500000US18101,Martin, IN
0500000US18103,Miami, IN
0500000US18105,Monroe, IN
0500000US18107,Montgomery, IN
0500000US18109,Morgan, IN
0500000US18111,Newton, IN
0500000US18113,Noble, IN
0500000US18115,Ohio, IN
0500000US18117,Orange, IN
0500000US18119,Owen, IN
0500000US18121,Parke, IN
0500000US18123,Perry, IN
0500000US18125,Pike, IN
0500000US18127,Porter, IN
0500000US18129,Posey, IN
0500000US18131,Pulaski, IN
0500000US18133,Putnam, IN
0500000US18135,Randolph, IN
0500000US18137,Ripley, IN
0500000US18139,Rush, IN
0500000US18141,St. Joseph, IN
0500000US18143,Scott, IN
0500000US18145,Shelby, IN
0500000US18147,Spencer, IN
0500000US18149,Starke, IN
0500000US18151,Steuben, IN
0500000US18153,Sullivan, IN
0500000US18155,Switzerland, IN
0500000US18157,Tippecanoe, IN
0500000US18159,Tipton, IN
0500000US18161,Union, IN
0500000US18163,Vanderburgh, IN
0500000US18165,Vermillion, IN
0500000US18167,Vigo, IN
0500000US18169,Wabash, IN
0500000US18171,Warren, IN
0500000US18173,Warrick, IN
0500000US18175,Washington, IN
0500000US18177,Wayne, IN
0500000US18179,Wells, IN
0500000US18181,White, IN
0500000US18183,Whitley, IN
0500000US19001,Adair, IA
0500000US19003,Adams, IA
0500000US19005,Allamakee, IA
0500000US19007,Appanoose, IA
0500000US19009,Audubon, IA
0500000US19011,Benton, IA
0500000US19013,Black Hawk, IA
0500000US19015,Boone, IA
0500000US19017,Bremer, IA
0500000US19019,Buchanan, IA
0500000US19021,Buena Vista, IA
0500000US19023,Butler, IA
0500000US19025,Calhoun, IA
0500000US19027,Carroll, IA
0500000US19029,Cass, IA
0500000US19031,Cedar, IA
0500000US19033,Cerro Gordo, IA
0500000US19035,Cherokee, IA
0500000US19037,Chickasaw, IA
0500000US19039,Clarke, IA
0500000US19041,Clay, IA
0500000US19043,Clayton, IA
0500000US19045,Clinton, IA
0500000US19047,Crawford, IA
0500000US19049,Dallas, IA
0500000US19051,Davis, IA
0500000US19053,Decatur, IA
0500000US19055,Delaware, IA
0500000US19057,Des Moines, IA
0500000US19059,Dickinson, IA
0500000US19061,Dubuque, IA
0500000US19063,Emmet, IA
0500000US19065,Fayette, IA
0500000US19067,Floyd, IA
0500000US19069,Franklin, IA
0500000US19071,Fremont, IA
0500000US19073,Greene, IA
0500000US19075,Grundy, IA
0500000US19077,Guthrie, IA
0500000US19079,Hamilton, IA
0500000US19081,Hancock, IA
0500000US19083,Hardin, IA
0500000US19085,Harrison, IA
0500000US19087,Henry, IA
0500000US19089,Howard, IA
0500000US19091,Humboldt, IA
0500000US19093,Ida, IA
0500000US19095,Iowa, IA
0500000US19097,Jackson, IA
0500000US19099,Jasper, IA
0500000US19101,Jefferson, IA
0500000US19103,Johnson, IA
0500000US19105,Jones, IA
0500000US19107,Keokuk, IA
0500000US19109,Kossuth, IA
0500000US19111,Lee, IA
0500000US19113,Linn, IA
0500000US19115,Louisa, IA
0500000US19117,Lucas, IA
0500000US19119,Lyon, IA
0500000US19121,Madison, IA
0500000US19123,Mahaska, IA
0500000US19125,Marion, IA
0500000US19127,Marshall, IA
0500000US19129,Mills, IA
0500000US19131,Mitchell, IA
0500000US19133,Monona, IA
0500000US19135,Monroe, IA
0500000US19137,Montgomery, IA
0500000US19139,Muscatine, IA
0500000US19141,O'Brien, IA
0500000US19143,Osceola, IA
0500000US19145,Page, IA
0500000US19147,Palo Alto, IA
0500000US19149,Plymouth, IA
0500000US19151,Pocahontas, IA
0500000US19153,Polk, IA
0500000US19155,Pottawattamie, IA
0500000US19157,Poweshiek, IA
0500000US19159,Ringgold, IA
0500000US19161,Sac, IA
0500000US19163,Scott, IA
0500000US19165,Shelby, IA
0500000US19167,Sioux, IA
0500000US19169,Story, IA
0500000US19171,Tama, IA
0500000US19173,Taylor, IA
0500000US19175,Union, IA
0500000US19177,Van Buren, IA
0500000US19179,Wapello, IA
0500000US19181,Warren, IA
0500000US19183,Washington, IA
0500000US19185,Wayne, IA
0500000US19187,Webster, IA
0500000US19189,Winnebago, IA
0500000US19191,Winneshiek, IA
0500000US19193,Woodbury, IA
0500000US19195,Worth, IA
0500000US19197,Wright, IA
0500000US20001,Allen, KS
0500000US20003,Anderson, KS
0500000US20005,Atchison, KS
0500000US20007,Barber, KS
0500000US20009,Barton, KS
0500000US20011,Bourbon, KS
0500000US20013,Brown, KS
0500000US20015,Butler, KS
0500000US20017,Chase, KS
0500000US20019,Chautauqua, KS
0500000US20021,Cherokee, KS
0500000US20023,Cheyenne, KS
0500000US20025,Clark, KS
0500000US20027,Clay, KS
0500000US20029,Cloud, KS
0500000US20031,Coffey, KS
0500000US20033,Comanche, KS
0500000US20035,Cowley, KS
0500000US20037,Crawford, KS
0500000US20039,Decatur, KS
0500000US20041,Dickinson, KS
0500000US20043,Doniphan, KS
0500000US20045,Douglas, KS
0500000US20047,Edwards, KS
0500000US20049,Elk, KS
0500000US20051,Ellis, KS
0500000US20053,Ellsworth, KS
0500000US20055,Finney, KS
0500000US20057,Ford, KS
0500000US20059,Franklin, KS
0500000US20061,Geary, KS
0500000US20063,Gove, KS
0500000US20065,Graham, KS
0500000US20067,Grant, KS
0500000US20069,Gray, KS
0500000US20071,Greeley, KS
0500000US20073,Greenwood, KS
0500000US20075,Hamilton, KS
0500000US20077,Harper, KS
0500000US20079,Harvey, KS
0500000US20081,Haskell, KS
0500000US20083,Hodgeman, KS
0500000US20085,Jackson, KS
0500000US20087,Jefferson, KS
0500000US20089,Jewell, KS
0500000US20091,Johnson, KS
0500000US20093,Kearny, KS
0500000US20095,Kingman, KS
0500000US20097,Kiowa, KS
0500000US20099,Labette, KS
0500000US20101,Lane, KS
0500000US20103,Leavenworth, KS
0500000US20105,Lincoln, KS
0500000US20107,Linn, KS
0500000US20109,Logan, KS
0500000US20111,Lyon, KS
0500000US20113,McPherson, KS
0500000US20115,Marion, KS
0500000US20117,Marshall, KS
0500000US20119,Meade, KS
0500000US20121,Miami, KS
0500000US20123,Mitchell, KS
0500000US20125,Montgomery, KS
0500000US20127,Morris, KS
0500000US20129,Morton, KS
0500000US20131,Nemaha, KS
0500000US20133,Neosho, KS
0500000US20135,Ness, KS
0500000US20137,Norton, KS
0500000US20139,Osage, KS
0500000US20141,Osborne, KS
0500000US20143,Ottawa, KS
0500000US20145,Pawnee, KS
0500000US20147,Phillips, KS
0500000US20149,Pottawatomie, KS
0500000US20151,Pratt, KS
0500000US20153,Rawlins, KS
0500000US20155,Reno, KS
0500000US20157,Republic, KS
0500000US20159,Rice, KS
0500000US20161,Riley, KS
0500000US20163,Rooks, KS
0500000US20165,Rush, KS
0500000US20167,Russell, KS
0500000US20169,Saline, KS
0500000US20171,Scott, KS
0500000US20173,Sedgwick, KS
0500000US20175,Seward, KS
0500000US20177,Shawnee, KS
0500000US20179,Sheridan, KS
0500000US20181,Sherman, KS
0500000US20183,Smith, KS
0500000US20185,Stafford, KS
0500000US20187,Stanton, KS
0500000US20189,Stevens, KS
0500000US20191,Sumner, KS
0500000US20193,Thomas, KS
0500000US20195,Trego, KS
0500000US20197,Wabaunsee, KS
0500000US20199,Wallace, KS
0500000US20201,Washington, KS
0500000US20203,Wichita, KS
0500000US20205,Wilson, KS
0500000US20207,Woodson, KS
0500000US20209,Wyandotte, KS
0500000US21001,Adair, KY
0500000US21003,Allen, KY
0500000US21005,Anderson, KY
0500000US21007,Ballard, KY
0500000US21009,Barren, KY
0500000US21011,Bath, KY
0500000US21013,Bell, KY
0500000US21015,Boone, KY
0500000US21017,Bourbon, KY
0500000US21019,Boyd, KY
0500000US21021,Boyle, KY
0500000US21023,Bracken, KY
0500000US21025,Breathitt, KY
0500000US21027,Breckinridge, KY
0500000US21029,Bullitt, KY
0500000US21031,Butler, KY
0500000US21033,Caldwell, KY
0500000US21035,Calloway, KY
0500000US21037,Campbell, KY
0500000US21039,Carlisle, KY
0500000US21041,Carroll, KY
0500000US21043,Carter, KY
0500000US21045,Casey, KY
0500000US21047,Christian, KY
0500000US21049,Clark, KY
0500000US21051,Clay, KY
0500000US21053,Clinton, KY
0500000US21055,Crittenden, KY
0500000US21057,Cumberland, KY
0500000US21059,Daviess, KY
0500000US21061,Edmonson, KY
0500000US21063,Elliott, KY
0500000US21065,Estill, KY
0500000US21067,Fayette, KY
0500000US21069,Fleming, KY
0500000US21071,Floyd, KY
0500000US21073,Franklin, KY
0500000US21075,Fulton, KY
0500000US21077,Gallatin, KY
0500000US21079,Garrard, KY
0500000US21081,Grant, KY
0500000US21083,Graves, KY
0500000US21085,Grayson, KY
0500000US21087,Green, KY
0500000US21089,Greenup, KY
0500000US21091,Hancock, KY
0500000US21093,Hardin, KY
0500000US21095,Harlan, KY
0500000US21097,Harrison, KY
0500000US21099,Hart, KY
0500000US21101,Henderson, KY
0500000US21103,Henry, KY
0500000US21105,Hickman, KY
0500000US21107,Hopkins, KY
0500000US21109,Jackson, KY
0500000US21111,Jefferson, KY
0500000US21113,Jessamine, KY
0500000US21115,Johnson, KY
0500000US21117,Kenton, KY
0500000US21119,Knott, KY
0500000US21121,Knox, KY
0500000US21123,Larue, KY
0500000US21125,Laurel, KY
0500000US21127,Lawrence, KY
0500000US21129,Lee, KY
0500000US21131,Leslie, KY
0500000US21133,Letcher, KY
0500000US21135,Lewis, KY
0500000US21137,Lincoln, KY
0500000US21139,Livingston, KY
0500000US21141,Logan, KY
0500000US21143,Lyon, KY
0500000US21145,McCracken, KY
0500000US21147,McCreary, KY
0500000US21149,McLean, KY
0500000US21151,Madison, KY
0500000US21153,Magoffin, KY
0500000US21155,Marion, KY
0500000US21157,Marshall, KY
0500000US21159,Martin, KY
0500000US21161,Mason, KY
0500000US21163,Meade, KY
0500000US21165,Menifee, KY
0500000US21167,Mercer, KY
0500000US21169,Metcalfe, KY
0500000US21171,Monroe, KY
0500000US21173,Montgomery, KY
0500000US21175,Morgan, KY
0500000US21177,Muhlenberg, KY
0500000US21179,Nelson, KY
0500000US21181,Nicholas, KY
0500000US21183,Ohio, KY
0500000US21185,Oldham, KY
0500000US21187,Owen, KY
0500000US21189,Owsley, KY
0500000US21191,Pendleton, KY
0500000US21193,Perry, KY
0500000US21195,Pike, KY
0500000US21197,Powell, KY
0500000US21199,Pulaski, KY
0500000US21201,Robertson, KY
0500000US21203,Rockcastle, KY
0500000US21205,Rowan, KY
0500000US21207,Russell, KY
0500000US21209,Scott, KY
0500000US21211,Shelby, KY
0500000US21213,Simpson, KY
0500000US21215,Spencer, KY
0500000US21217,Taylor, KY
0500000US21219,Todd, KY
0500000US21221,Trigg, KY
0500000US21223,Trimble, KY
0500000US21225,Union, KY
0500000US21227,Warren, KY
0500000US21229,Washington, KY
0500000US21231,Wayne, KY
0500000US21233,Webster, KY
0500000US21235,Whitley, KY
0500000US21237,Wolfe, KY
0500000US21239,Woodford, KY
0500000US22001,Acadia, LA
0500000US22003,Allen, LA
0500000US22005,Ascension, LA
0500000US22007,Assumption, LA
0500000US22009,Avoyelles, LA
0500000US22011,Beauregard, LA
0500000US22013,Bienville, LA
0500000US22015,Bossier, LA
0500000US22017,Caddo, LA
0500000US22019,Calcasieu, LA
0500000US22021,Caldwell, LA
0500000US22023,Cameron, LA
0500000US22025,Catahoula, LA
0500000US22027,Claiborne, LA
0500000US22029,Concordia, LA
0500000US22031,De Soto, LA
0500000US22033,East Baton Rouge, LA
0500000US22035,East Carroll, LA
0500000US22037,East Feliciana, LA
0500000US22039,Evangeline, LA
0500000US22041,Franklin, LA
0500000US22043,Grant, LA
0500000US22045,Iberia, LA
0500000US22047,Iberville, LA
0500000US22049,Jackson, LA
0500000US22051,Jefferson, LA
0500000US22053,Jefferson Davis, LA
0500000US22055,Lafayette, LA
0500000US22057,Lafourche, LA
0500000US22059,La Salle, LA
0500000US22061,Lincoln, LA
0500000US22063,Livingston, LA
0500000US22065,Madison, LA
0500000US22067,Morehouse, LA
0500000US22069,Natchitoches, LA
0500000US22071,Orleans, LA
0500000US22073,Ouachita, LA
0500000US22075,Plaquemines, LA
0500000US22077,Pointe Coupee, LA
0500000US22079,Rapides, LA
0500000US22081,Red River, LA
0500000US22083,Richland, LA
0500000US22085,Sabine, LA
0500000US22087,St. Bernard, LA
0500000US22089,St. Charles, LA
0500000US22091,St. Helena, LA
0500000US22093,St. James, LA
0500000US22095,St. John the Baptist, LA
0500000US22097,St. Landry, LA
0500000US22099,St. Martin, LA
0500000US22101,St. Mary, LA
0500000US22103,St. Tammany, LA
0500000US22105,Tangipahoa, LA
0500000US22107,Tensas, LA
0500000US22109,Terrebonne, LA
0500000US22111,Union, LA
0500000US22113,Vermilion, LA
0500000US22115,Vernon, LA
0500000US22117,Washington, LA
0500000US22119,Webster, LA
0500000US22121,West Baton Rouge, LA
0500000US22123,West Carroll, LA
0500000US22125,West Feliciana, LA
0500000US22127,Winn, LA
0500000US23001,Androscoggin, ME
0500000US23003,Aroostook, ME
0500000US23005,Cumberland, ME
0500000US23007,Franklin, ME
0500000US23009,Hancock, ME
0500000US23011,Kennebec, ME
0500000US23013,Knox, ME
0500000US23015,Lincoln, ME
0500000US23017,Oxford, ME
0500000US23019,Penobscot, ME
0500000US23021,Piscataquis, ME
0500000US23023,Sagadahoc, ME
0500000US23025,Somerset, ME
0500000US23027,Waldo, ME
0500000US23029,Washington, ME
0500000US23031,York, ME
0500000US24001,Allegany, MD
0500000US24003,Anne Arundel, MD
0500000US24005,Baltimore, MD
0500000US24009,Calvert, MD
0500000US24011,Caroline, MD
0500000US24013,Carroll, MD
0500000US24015,Cecil, MD
0500000US24017,Charles, MD
0500000US24019,Dorchester, MD
0500000US24021,Frederick, MD
0500000US24023,Garrett, MD
0500000US24025,Harford, MD
0500000US24027,Howard, MD
0500000US24029,Kent, MD
0500000US24031,Montgomery, MD
0500000US24033,Prince George's, MD
0500000US24035,Queen Anne's, MD
0500000US24037,St. Mary's, MD
0500000US24039,Somerset, MD
0500000US24041,Talbot, MD
0500000US24043,Washington, MD
0500000US24045,Wicomico, MD
0500000US24047,Worcester, MD
0500000US24510,Baltimore (city), MD
0500000US25001,Barnstable, MA
0500000US25003,Berkshire, MA
0500000US25005,Bristol, MA
0500000US25007,Dukes, MA
0500000US25009,Essex, MA
0500000US25011,Franklin, MA
0500000US25013,Hampden, MA
0500000US25015,Hampshire, MA
0500000US25017,Middlesex, MA
0500000US25019,Nantucket, MA
0500000US25021,Norfolk, MA
0500000US25023,Plymouth, MA
0500000US25025,Suffolk, MA
0500000US25027,Worcester, MA
0500000US26001,Alcona, MI
0500000US26003,Alger, MI
0500000US26005,Allegan, MI
0500000US26007,Alpena, MI
0500000US26009,Antrim, MI
0500000US26011,Arenac, MI
0500000US26013,Baraga, MI
0500000US26015,Barry, MI
0500000US26017,Bay, MI
0500000US26019,Benzie, MI
0500000US26021,Berrien, MI
0500000US26023,Branch, MI
0500000US26025,Calhoun, MI
0500000US26027,Cass, MI
0500000US26029,Charlevoix, MI
0500000US26031,Cheboygan, MI
0500000US26033,Chippewa, MI
0500000US26035,Clare, MI
0500000US26037,Clinton, MI
0500000US26039,Crawford, MI
0500000US26041,Delta, MI
0500000US26043,Dickinson, MI
0500000US26045,Eaton, MI
0500000US26047,Emmet, MI
0500000US26049,Genesee, MI
0500000US26051,Gladwin, MI
0500000US26053,Gogebic, MI
0500000US26055,Grand Traverse, MI
0500000US26057,Gratiot, MI
0500000US26059,Hillsdale, MI
0500000US26061,Houghton, MI
0500000US26063,Huron, MI
0500000US26065,Ingham, MI
0500000US26067,Ionia, MI
0500000US26069,Iosco, MI
0500000US26071,Iron, MI
0500000US26073,Isabella, MI
0500000US26075,Jackson, MI
0500000US26077,Kalamazoo, MI
0500000US26079,Kalkaska, MI
0500000US26081,Kent, MI
0500000US26083,Keweenaw, MI
0500000US26085,Lake, MI
0500000US26087,Lapeer, MI
0500000US26089,Leelanau, MI
0500000US26091,Lenawee, MI
0500000US26093,Livingston, MI
0500000US26095,Luce, MI
0500000US26097,Mackinac, MI
0500000US26099,Macomb, MI
0500000US26101,Manistee, MI
0500000US26103,Marquette, MI
0500000US26105,Mason, MI
0500000US26107,Mecosta, MI
0500000US26109,Menominee, MI
0500000US26111,Midland, MI
0500000US26113,Missaukee, MI
0500000US26115,Monroe, MI
0500000US26117,Montcalm, MI
0500000US26119,Montmorency, MI
0500000US26121,Muskegon, MI
0500000US26123,Newaygo, MI
0500000US26125,Oakland, MI
0500000US26127,Oceana, MI
0500000US26129,Ogemaw, MI
0500000US26131,Ontonagon, MI
0500000US26133,Osceola, MI
0500000US26135,Oscoda, MI
0500000US26137,Otsego, MI
0500000US26139,Ottawa, MI
0500000US26141,Presque Isle, MI
0500000US26143,Roscommon, MI
0500000US26145,Saginaw, MI
0500000US26147,St. Clair, MI
0500000US26149,St. Joseph, MI
0500000US26151,Sanilac, MI
0500000US26153,Schoolcraft, MI
0500000US26155,Shiawassee, MI
0500000US26157,Tuscola, MI
0500000US26159,Van Buren, MI
0500000US26161,Washtenaw, MI
0500000US26163,Wayne, MI
0500000US26165,Wexford, MI
0500000US27001,Aitkin, MN
0500000US27003,Anoka, MN
0500000US27005,Becker, MN
0500000US27007,Beltrami, MN
0500000US27009,Benton, MN
0500000US27011,Big Stone, MN
0500000US27013,Blue Earth, MN
0500000US27015,Brown, MN
0500000US27017,Carlton, MN
0500000US27019,Carver, MN
0500000US27021,Cass, MN
0500000US27023,Chippewa, MN
0500000US27025,Chisago, MN
0500000US27027,Clay, MN
0500000US27029,Clearwater, MN
0500000US27031,Cook, MN
0500000US27033,Cottonwood, MN
0500000US27035,Crow Wing, MN
0500000US27037,Dakota, MN
0500000US27039,Dodge, MN
0500000US27041,Douglas, MN
0500000US27043,Faribault, MN
0500000US27045,Fillmore, MN
0500000US27047,Freeborn, MN
0500000US27049,Goodhue, MN
0500000US27051,Grant, MN
0500000US27053,Hennepin, MN
0500000US27055,Houston, MN
0500000US27057,Hubbard, MN
0500000US27059,Isanti, MN
0500000US27061,Itasca, MN
0500000US27063,Jackson, MN
0500000US27065,Kanabec, MN
0500000US27067,Kandiyohi, MN
0500000US27069,Kittson, MN
0500000US27071,Koochiching, MN
0500000US27073,Lac qui Parle, MN
0500000US27075,Lake, MN
0500000US27077,Lake of the Woods, MN
0500000US27079,Le Sueur, MN
0500000US27081,Lincoln, MN
0500000US27083,Lyon, MN
0500000US27085,McLeod, MN
0500000US27087,Mahnomen, MN
0500000US27089,Marshall, MN
0500000US27091,Martin, MN
0500000US27093,Meeker, MN
0500000US27095,Mille Lacs, MN
0500000US27097,Morrison, MN
0500000US27099,Mower, MN
0500000US27101,Murray, MN
0500000US27103,Nicollet, MN
0500000US27105,Nobles, MN
0500000US27107,Norman, MN
0500000US27109,Olmsted, MN
0500000US27111,Otter Tail, MN
0500000US27113,Pennington, MN
0500000US27115,Pine, MN
0500000US27117,Pipestone, MN
0500000US27119,Polk, MN
0500000US27121,Pope, MN
0500000US27123,Ramsey, MN
0500000US27125,Red Lake, MN
0500000US27127,Redwood, MN
0500000US27129,Renville, MN
0500000US27131,Rice, MN
0500000US27133,Rock, MN
0500000US27135,Roseau, MN
0500000US27137,St. Louis, MN
0500000US27139,Scott, MN
0500000US27141,Sherburne, MN
0500000US27143,Sibley, MN
0500000US27145,Stearns, MN
0500000US27147,Steele, MN
0500000US27149,Stevens, MN
0500000US27151,Swift, MN
0500000US27153,Todd, MN
0500000US27155,Traverse, MN
0500000US27157,Wabasha, MN
0500000US27159,Wadena, MN
0500000US27161,Waseca, MN
0500000US27163,Washington, MN
0500000US27165,Watonwan, MN
0500000US27167,Wilkin, MN
0500000US27169,Winona, MN
0500000US27171,Wright, MN
0500000US27173,Yellow Medicine, MN
0500000US28001,Adams, MS
0500000US28003,Alcorn, MS
0500000US28005,Amite, MS
0500000US28007,Attala, MS
0500000US28009,Benton, MS
0500000US28011,Bolivar, MS
0500000US28013,Calhoun, MS
0500000US28015,Carroll, MS
0500000US28017,Chickasaw, MS
0500000US28019,Choctaw, MS
0500000US28021,Claiborne, MS
0500000US28023,Clarke, MS
0500000US28025,Clay, MS
0500000US28027,Coahoma, MS
0500000US28029,Copiah, MS
0500000US28031,Covington, MS
0500000US28033,DeSoto, MS
0500000US28035,Forrest, MS
0500000US28037,Franklin, MS
0500000US28039,George, MS
0500000US28041,Greene, MS
0500000US28043,Grenada, MS
0500000US28045,Hancock, MS
0500000US28047,Harrison, MS
0500000US28049,Hinds, MS
0500000US28051,Holmes, MS
0500000US28053,Humphreys, MS
0500000US28055,Issaquena, MS
0500000US28057,Itawamba, MS
0500000US28059,Jackson, MS
0500000US28061,Jasper, MS
0500000US28063,Jefferson, MS
0500000US28065,Jefferson Davis, MS
0500000US28067,Jones, MS
0500000US28069,Kemper, MS
0500000US28071,Lafayette, MS
0500000US28073,Lamar, MS
0500000US28075,Lauderdale, MS
0500000US28077,Lawrence, MS
0500000US28079,Leake, MS
0500000US28081,Lee, MS
0500000US28083,Leflore, MS
0500000US28085,Lincoln, MS
0500000US28087,Lowndes, MS
0500000US28089,Madison, MS
0500000US28091,Marion, MS
0500000US28093,Marshall, MS
0500000US28095,Monroe, MS
0500000US28097,Montgomery, MS
0500000US28099,Neshoba, MS
0500000US28101,Newton, MS
0500000US28103,Noxubee, MS
0500000US28105,Oktibbeha, MS
0500000US28107,Panola, MS
0500000US28109,Pearl River, MS
0500000US28111,Perry, MS
0500000US28113,Pike, MS
0500000US28115,Pontotoc, MS
0500000US28117,Prentiss, MS
0500000US28119,Quitman, MS
0500000US28121,Rankin, MS
0500000US28123,Scott, MS
0500000US28125,Sharkey, MS
0500000US28127,Simpson, MS
0500000US28129,Smith, MS
0500000US28131,Stone, MS
0500000US28133,Sunflower, MS
0500000US28135,Tallahatchie, MS
0500000US28137,Tate, MS
0500000US28139,Tippah, MS
0500000US28141,Tishomingo, MS
0500000US28143,Tunica, MS
0500000US28145,Union, MS
0500000US28147,Walthall, MS
0500000US28149,Warren, MS
0500000US28151,Washington, MS
0500000US28153,Wayne, MS
0500000US28155,Webster, MS
0500000US28157,Wilkinson, MS
0500000US28159,Winston, MS
0500000US28161,Yalobusha, MS
0500000US28163,Yazoo, MS
0500000US29001,Adair, MO
0500000US29003,Andrew, MO
0500000US29005,Atchison, MO
0500000US29007,Audrain, MO
0500000US29009,Barry, MO
0500000US29011,Barton, MO
0500000US29013,Bates, MO
0500000US29015,Benton, MO
0500000US29017,Bollinger, MO
0500000US29019,Boone, MO
0500000US29021,Buchanan, MO
0500000US29023,Butler, MO
0500000US29025,Caldwell, MO
0500000US29027,Callaway, MO
0500000US29029,Camden, MO
0500000US29031,Cape Girardeau, MO
0500000US29033,Carroll, MO
0500000US29035,Carter, MO
0500000US29037,Cass, MO
0500000US29039,Cedar, MO
0500000US29041,Chariton, MO
0500000US29043,Christian, MO
0500000US29045,Clark, MO
0500000US29047,Clay, MO
0500000US29049,Clinton, MO
0500000US29051,Cole, MO
0500000US29053,Cooper, MO
0500000US29055,Crawford, MO
0500000US29057,Dade, MO
0500000US29059,Dallas, MO
0500000US29061,Daviess, MO
0500000US29063,DeKalb, MO
0500000US29065,Dent, MO
0500000US29067,Douglas, MO
0500000US29069,Dunklin, MO
0500000US29071,Franklin, MO
0500000US29073,Gasconade, MO
0500000US29075,Gentry, MO
0500000US29077,Greene, MO
0500000US29079,Grundy, MO
0500000US29081,Harrison, MO
0500000US29083,Henry, MO
0500000US29085,Hickory, MO
0500000US29087,Holt, MO
0500000US29089,Howard, MO
0500000US29091,Howell, MO
0500000US29093,Iron, MO
0500000US29095,Jackson, MO
0500000US29097,Jasper, MO
0500000US29099,Jefferson, MO
0500000US29101,Johnson, MO
0500000US29103,Knox, MO
0500000US29105,Laclede, MO
0500000US29107,Lafayette, MO
0500000US29109,Lawrence, MO
0500000US29111,Lewis, MO
0500000US29113,Lincoln, MO
0500000US29115,Linn, MO
0500000US29117,Livingston, MO
0500000US29119,McDonald, MO
0500000US29121,Macon, MO
0500000US29123,Madison, MO
0500000US29125,Maries, MO
0500000US29127,Marion, MO
0500000US29129,Mercer, MO
0500000US29131,Miller, MO
0500000US29133,Mississippi, MO
0500000US29135,Moniteau, MO
0500000US29137,Monroe, MO
0500000US29139,Montgomery, MO
0500000US29141,Morgan, MO
0500000US29143,New Madrid, MO
0500000US29145,Newton, MO
0500000US29147,Nodaway, MO
0500000US29149,Oregon, MO
0500000US29151,Osage, MO
0500000US29153,Ozark, MO
0500000US29155,Pemiscot, MO
0500000US29157,Perry, MO
0500000US29159,Pettis, MO
0500000US29161,Phelps, MO
0500000US29163,Pike, MO
0500000US29165,Platte, MO
0500000US29167,Polk, MO
0500000US29169,Pulaski, MO
0500000US29171,Putnam, MO
0500000US29173,Ralls, MO
0500000US29175,Randolph, MO
0500000US29177,Ray, MO
0500000US29179,Reynolds, MO
0500000US29181,Ripley, MO
0500000US29183,St. Charles, MO
0500000US29185,St. Clair, MO
0500000US29186,Ste. Genevieve, MO
0500000US29187,St. Francois, MO
0500000US29189,St. Louis, MO
0500000US29195,Saline, MO
0500000US29197,Schuyler, MO
0500000US29199,Scotland, MO
0500000US29201,Scott, MO
0500000US29203,Shannon, MO
0500000US29205,Shelby, MO
0500000US29207,Stoddard, MO
0500000US29209,Stone, MO
0500000US29211,Sullivan, MO
0500000US29213,Taney, MO
0500000US29215,Texas, MO
0500000US29217,Vernon, MO
0500000US29219,Warren, MO
0500000US29221,Washington, MO
0500000US29223,Wayne, MO
0500000US29225,Webster, MO
0500000US29227,Worth, MO
0500000US29229,Wright, MO
0500000US29510,St. Louis (city), MO
0500000US30001,Beaverhead, MT
0500000US30003,Big Horn, MT
0500000US30005,Blaine, MT
0500000US30007,Broadwater, MT
0500000US30009,Carbon, MT
0500000US30011,Carter, MT
0500000US30013,Cascade, MT
0500000US30015,Chouteau, MT
0500000US30017,Custer, MT
0500000US30019,Daniels, MT
0500000US30021,Dawson, MT
0500000US30023,Deer Lodge, MT
0500000US30025,Fallon, MT
0500000US30027,Fergus, MT
0500000US30029,Flathead, MT
0500000US30031,Gallatin, MT
0500000US30033,Garfield, MT
0500000US30035,Glacier, MT
0500000US30037,Golden Valley, MT
0500000US30039,Granite, MT
0500000US30041,Hill, MT
0500000US30043,Jefferson, MT
0500000US30045,Judith Basin, MT
0500000US30047,Lake, MT
0500000US30049,Lewis and Clark, MT
0500000US30051,Liberty, MT
0500000US30053,Lincoln, MT
0500000US30055,McCone, MT
0500000US30057,Madison, MT
0500000US30059,Meagher, MT
0500000US30061,Mineral, MT
0500000US30063,Missoula, MT
0500000US30065,Musselshell, MT
0500000US30067,Park, MT
0500000US30069,Petroleum, MT
0500000US30071,Phillips, MT
0500000US30073,Pondera, MT
0500000US30075,Powder River, MT
0500000US30077,Powell, MT
0500000US30079,Prairie, MT
0500000US30081,Ravalli, MT
0500000US30083,Richland, MT
0500000US30085,Roosevelt, MT
0500000US30087,Rosebud, MT
0500000US30089,Sanders, MT
0500000US30091,Sheridan, MT
0500000US30093,Silver Bow, MT
0500000US30095,Stillwater, MT
0500000US30097,Sweet Grass, MT
0500000US30099,Teton, MT
0500000US30101,Toole, MT
0500000US30103,Treasure, MT
0500000US30105,Valley, MT
0500000US30107,Wheatland, MT
0500000US30109,Wibaux, MT
0500000US30111,Yellowstone, MT
0500000US31001,Adams, NE
0500000US31003,Antelope, NE
0500000US31005,Arthur, NE
0500000US31007,Banner, NE
0500000US31009,Blaine, NE
0500000US31011,Boone, NE
0500000US31013,Box Butte, NE
0500000US31015,Boyd, NE
0500000US31017,Brown, NE
0500000US31019,Buffalo, NE
0500000US31021,Burt, NE
0500000US31023,Butler, NE
0500000US31025,Cass, NE
0500000US31027,Cedar, NE
0500000US31029,Chase, NE
0500000US31031,Cherry, NE
0500000US31033,Cheyenne, NE
0500000US31035,Clay, NE
0500000US31037,Colfax, NE
0500000US31039,Cuming, NE
0500000US31041,Custer, NE
0500000US31043,Dakota, NE
0500000US31045,Dawes, NE
0500000US31047,Dawson, NE
0500000US31049,Deuel, NE
0500000US31051,Dixon, NE
0500000US31053,Dodge, NE
0500000US31055,Douglas, NE
0500000US31057,Dundy, NE
0500000US31059,Fillmore, NE
0500000US31061,Franklin, NE
0500000US31063,Frontier, NE
0500000US31065,Furnas, NE
0500000US31067,Gage, NE
0500000US31069,Garden, NE
0500000US31071,Garfield, NE
0500000US31073,Gosper, NE
0500000US31075,Grant, NE
0500000US31077,Greeley, NE
0500000US31079,Hall, NE
0500000US31081,Hamilton, NE
0500000US31083,Harlan, NE
0500000US31085,Hayes, NE
0500000US31087,Hitchcock, NE
0500000US31089,Holt, NE
0500000US31091,Hooker, NE
0500000US31093,Howard, NE
0500000US31095,Jefferson, NE
0500000US31097,Johnson, NE
0500000US31099,Kearney, NE
0500000US31101,Keith, NE
0500000US31103,Keya Paha, NE
0500000US31105,Kimball, NE
0500000US31107,Knox, NE
0500000US31109,Lancaster, NE
0500000US31111,Lincoln, NE
0500000US31113,Logan, NE
0500000US31115,Loup, NE
0500000US31117,McPherson, NE
0500000US31119,Madison, NE
0500000US31121,Merrick, NE
0500000US31123,Morrill, NE
0500000US31125,Nance, NE
0500000US31127,Nemaha, NE
0500000US31129,Nuckolls, NE
0500000US31131,Otoe, NE
0500000US31133,Pawnee, NE
0500000US31135,Perkins, NE
0500000US31137,Phelps, NE
0500000US31139,Pierce, NE
0500000US31141,Platte, NE
0500000US31143,Polk, NE
0500000US31145,Red Willow, NE
0500000US31147,Richardson, NE
0500000US31149,Rock, NE
0500000US31151,Saline, NE
0500000US31153,Sarpy, NE
0500000US31155,Saunders, NE
0500000US31157,Scotts Bluff, NE
0500000US31159,Seward, NE
0500000US31161,Sheridan, NE
0500000US31163,Sherman, NE
0500000US31165,Sioux, NE
0500000US31167,Stanton, NE
0500000US31169,Thayer, NE
0500000US31171,Thomas, NE
0500000US31173,Thurston, NE
0500000US31175,Valley, NE
0500000US31177,Washington, NE
0500000US31179,Wayne, NE
0500000US31181,Webster, NE
0500000US31183,Wheeler, NE
0500000US31185,York, NE
0500000US32001,Churchill, NV
0500000US32003,Clark, NV
0500000US32005,Douglas, NV
0500000US32007,Elko, NV
0500000US32009,Esmeralda, NV
0500000US32011,Eureka, NV
0500000US32013,Humboldt, NV
0500000US32015,Lander, NV
0500000US32017,Lincoln, NV
0500000US32019,Lyon, NV
0500000US32021,Mineral, NV
0500000US32023,Nye, NV
0500000US32027,Pershing, NV
0500000US32029,Storey, NV
0500000US32031,Washoe, NV
0500000US32033,White Pine, NV
0500000US32510,Carson (city), NV
0500000US33001,Belknap, NH
0500000US33003,Carroll, NH
0500000US33005,Cheshire, NH
0500000US33007,Coos, NH
0500000US33009,Grafton, NH
0500000US33011,Hillsborough, NH
0500000US33013,Merrimack, NH
0500000US33015,Rockingham, NH
0500000US33017,Strafford, NH
0500000US33019,Sullivan, NH
0500000US34001,Atlantic, NJ
0500000US34003,Bergen, NJ
0500000US34005,Burlington, NJ
0500000US34007,Camden, NJ
0500000US34009,Cape May, NJ
0500000US34011,Cumberland, NJ
0500000US34013,Essex, NJ
0500000US34015,Gloucester, NJ
0500000US34017,Hudson, NJ
0500000US34019,Hunterdon, NJ
0500000US34021,Mercer, NJ
0500000US34023,Middlesex, NJ
0500000US34025,Monmouth, NJ
0500000US34027,Morris, NJ
0500000US34029,Ocean, NJ
0500000US34031,Passaic, NJ
0500000US34033,Salem, NJ
0500000US34035,Somerset, NJ
0500000US34037,Sussex, NJ
0500000US34039,Union, NJ
0500000US34041,Warren, NJ
0500000US35001,Bernalillo, NM
0500000US35003,Catron, NM
0500000US35005,Chaves, NM
0500000US35006,Cibola, NM
0500000US35007,Colfax, NM
0500000US35009,Curry, NM
0500000US35011,DeBaca, NM
0500000US35013,Dona Ana, NM
0500000US35015,Eddy, NM
0500000US35017,Grant, NM
0500000US35019,Guadalupe, NM
0500000US35021,Harding, NM
0500000US35023,Hidalgo, NM
0500000US35025,Lea, NM
0500000US35027,Lincoln, NM
0500000US35028,Los Alamos, NM
0500000US35029,Luna, NM
0500000US35031,McKinley, NM
0500000US35033,Mora, NM
0500000US35035,Otero, NM
0500000US35037,Quay, NM
0500000US35039,Rio Arriba, NM
0500000US35041,Roosevelt, NM
0500000US35043,Sandoval, NM
0500000US35045,San Juan, NM
0500000US35047,San Miguel, NM
0500000US35049,Santa Fe, NM
0500000US35051,Sierra, NM
0500000US35053,Socorro, NM
0500000US35055,Taos, NM
0500000US35057,Torrance, NM
0500000US35059,Union, NM
0500000US35061,Valencia, NM
0500000US36001,Albany, NY
0500000US36003,Allegany, NY
0500000US36005,Bronx, NY
0500000US36007,Broome, NY
0500000US36009,Cattaraugus, NY
0500000US36011,Cayuga, NY
0500000US36013,Chautauqua, NY
0500000US36015,Chemung, NY
0500000US36017,Chenango, NY
0500000US36019,Clinton, NY
0500000US36021,Columbia, NY
0500000US36023,Cortland, NY
0500000US36025,Delaware, NY
0500000US36027,Dutchess, NY
0500000US36029,Erie, NY
0500000US36031,Essex, NY
0500000US36033,Franklin, NY
0500000US36035,Fulton, NY
0500000US36037,Genesee, NY
0500000US36039,Greene, NY
0500000US36041,Hamilton, NY
0500000US36043,Herkimer, NY
0500000US36045,Jefferson, NY
0500000US36047,Kings, NY
0500000US36049,Lewis, NY
0500000US36051,Livingston, NY
0500000US36053,Madison, NY
0500000US36055,Monroe, NY
0500000US36057,Montgomery, NY
0500000US36059,Nassau, NY
0500000US36061,New York, NY
0500000US36063,Niagara, NY
0500000US36065,Oneida, NY
0500000US36067,Onondaga, NY
0500000US36069,Ontario, NY
0500000US36071,Orange, NY
0500000US36073,Orleans, NY
0500000US36075,Oswego, NY
0500000US36077,Otsego, NY
0500000US36079,Putnam, NY
0500000US36081,Queens, NY
0500000US36083,Rensselaer, NY
0500000US36085,Richmond, NY
0500000US36087,Rockland, NY
0500000US36089,St. Lawrence, NY
0500000US36091,Saratoga, NY
0500000US36093,Schenectady, NY
0500000US36095,Schoharie, NY
0500000US36097,Schuyler, NY
0500000US36099,Seneca, NY
0500000US36101,Steuben, NY
0500000US36103,Suffolk, NY
0500000US36105,Sullivan, NY
0500000US36107,Tioga, NY
0500000US36109,Tompkins, NY
0500000US36111,Ulster, NY
0500000US36113,Warren, NY
0500000US36115,Washington, NY
0500000US36117,Wayne, NY
0500000US36119,Westchester, NY
0500000US36121,Wyoming, NY
0500000US36123,Yates, NY
0500000US37001,Alamance, NC
0500000US37003,Alexander, NC
0500000US37005,Alleghany, NC
0500000US37007,Anson, NC
0500000US37009,Ashe, NC
0500000US37011,Avery, NC
0500000US37013,Beaufort, NC
0500000US37015,Bertie, NC
0500000US37017,Bladen, NC
0500000US37019,Brunswick, NC
0500000US37021,Buncombe, NC
0500000US37023,Burke, NC
0500000US37025,Cabarrus, NC
0500000US37027,Caldwell, NC
0500000US37029,Camden, NC
0500000US37031,Carteret, NC
0500000US37033,Caswell, NC
0500000US37035,Catawba, NC
0500000US37037,Chatham, NC
0500000US37039,Cherokee, NC
0500000US37041,Chowan, NC
0500000US37043,Clay, NC
0500000US37045,Cleveland, NC
0500000US37047,Columbus, NC
0500000US37049,Craven, NC
0500000US37051,Cumberland, NC
0500000US37053,Currituck, NC
0500000US37055,Dare, NC
0500000US37057,Davidson, NC
0500000US37059,Davie, NC
0500000US37061,Duplin, NC
0500000US37063,Durham, NC
0500000US37065,Edgecombe, NC
0500000US37067,Forsyth, NC
0500000US37069,Franklin, NC
0500000US37071,Gaston, NC
0500000US37073,Gates, NC
0500000US37075,Graham, NC
0500000US37077,Granville, NC
0500000US37079,Greene, NC
0500000US37081,Guilford, NC
0500000US37083,Halifax, NC
0500000US37085,Harnett, NC
0500000US37087,Haywood, NC
0500000US37089,Henderson, NC
0500000US37091,Hertford, NC
0500000US37093,Hoke, NC
0500000US37095,Hyde, NC
0500000US37097,Iredell, NC
0500000US37099,Jackson, NC
0500000US37101,Johnston, NC
0500000US37103,Jones, NC
0500000US37105,Lee, NC
0500000US37107,Lenoir, NC
0500000US37109,Lincoln, NC
0500000US37111,McDowell, NC
0500000US37113,Macon, NC
0500000US37115,Madison, NC
0500000US37117,Martin, NC
0500000US37119,Mecklenburg, NC
0500000US37121,Mitchell, NC
0500000US37123,Montgomery, NC
0500000US37125,Moore, NC
0500000US37127,Nash, NC
0500000US37129,New Hanover, NC
0500000US37131,Northampton, NC
0500000US37133,Onslow, NC
0500000US37135,Orange, NC
0500000US37137,Pamlico, NC
0500000US37139,Pasquotank, NC
0500000US37141,Pender, NC
0500000US37143,Perquimans, NC
0500000US37145,Person, NC
0500000US37147,Pitt, NC
0500000US37149,Polk, NC
0500000US37151,Randolph, NC
0500000US37153,Richmond, NC
0500000US37155,Robeson, NC
0500000US37157,Rockingham, NC
0500000US37159,Rowan, NC
0500000US37161,Rutherford, NC
0500000US37163,Sampson, NC
0500000US37165,Scotland, NC
0500000US37167,Stanly, NC
0500000US37169,Stokes, NC
0500000US37171,Surry, NC
0500000US37173,Swain, NC
0500000US37175,Transylvania, NC
0500000US37177,Tyrrell, NC
0500000US37179,Union, NC
0500000US37181,Vance, NC
0500000US37183,Wake, NC
0500000US37185,Warren, NC
0500000US37187,Washington, NC
0500000US37189,Watauga, NC
0500000US37191,Wayne, NC
0500000US37193,Wilkes, NC
0500000US37195,Wilson, NC
0500000US37197,Yadkin, NC
0500000US37199,Yancey, NC
0500000US38001,Adams, ND
0500000US38003,Barnes, ND
0500000US38005,Benson, ND
0500000US38007,Billings, ND
0500000US38009,Bottineau, ND
0500000US38011,Bowman, ND
0500000US38013,Burke, ND
0500000US38015,Burleigh, ND
0500000US38017,Cass, ND
0500000US38019,Cavalier, ND
0500000US38021,Dickey, ND
0500000US38023,Divide, ND
0500000US38025,Dunn, ND
0500000US38027,Eddy, ND
0500000US38029,Emmons, ND
0500000US38031,Foster, ND
0500000US38033,Golden Valley, ND
0500000US38035,Grand Forks, ND
0500000US38037,Grant, ND
0500000US38039,Griggs, ND
0500000US38041,Hettinger, ND
0500000US38043,Kidder, ND
0500000US38045,LaMoure, ND
0500000US38047,Logan, ND
0500000US38049,McHenry, ND
0500000US38051,McIntosh, ND
0500000US38053,McKenzie, ND
0500000US38055,McLean, ND
0500000US38057,Mercer, ND
0500000US38059,Morton, ND
0500000US38061,Mountrail, ND
0500000US38063,Nelson, ND
0500000US38065,Oliver, ND
0500000US38067,Pembina, ND
0500000US38069,Pierce, ND
0500000US38071,Ramsey, ND
0500000US38073,Ransom, ND
0500000US38075,Renville, ND
0500000US38077,Richland, ND
0500000US38079,Rolette, ND
0500000US38081,Sargent, ND
0500000US38083,Sheridan, ND
0500000US38085,Sioux, ND
0500000US38087,Slope, ND
0500000US38089,Stark, ND
0500000US38091,Steele, ND
0500000US38093,Stutsman, ND
0500000US38095,Towner, ND
0500000US38097,Traill, ND
0500000US38099,Walsh, ND
0500000US38101,Ward, ND
0500000US38103,Wells, ND
0500000US38105,Williams, ND
0500000US39001,Adams, OH
0500000US39003,Allen, OH
0500000US39005,Ashland, OH
0500000US39007,Ashtabula, OH
0500000US39009,Athens, OH
0500000US39011,Auglaize, OH
0500000US39013,Belmont, OH
0500000US39015,Brown, OH
0500000US39017,Butler, OH
0500000US39019,Carroll, OH
0500000US39021,Champaign, OH
0500000US39023,Clark, OH
0500000US39025,Clermont, OH
0500000US39027,Clinton, OH
0500000US39029,Columbiana, OH
0500000US39031,Coshocton, OH
0500000US39033,Crawford, OH
0500000US39035,Cuyahoga, OH
0500000US39037,Darke, OH
0500000US39039,Defiance, OH
0500000US39041,Delaware, OH
0500000US39043,Erie, OH
0500000US39045,Fairfield, OH
0500000US39047,Fayette, OH
0500000US39049,Franklin, OH
0500000US39051,Fulton, OH
0500000US39053,Gallia, OH
0500000US39055,Geauga, OH
0500000US39057,Greene, OH
0500000US39059,Guernsey, OH
0500000US39061,Hamilton, OH
0500000US39063,Hancock, OH
0500000US39065,Hardin, OH
0500000US39067,Harrison, OH
0500000US39069,Henry, OH
0500000US39071,Highland, OH
0500000US39073,Hocking, OH
0500000US39075,Holmes, OH
0500000US39077,Huron, OH
0500000US39079,Jackson, OH
0500000US39081,Jefferson, OH
0500000US39083,Knox, OH
0500000US39085,Lake, OH
0500000US39087,Lawrence, OH
0500000US39089,Licking, OH
0500000US39091,Logan, OH
0500000US39093,Lorain, OH
0500000US39095,Lucas, OH
0500000US39097,Madison, OH
0500000US39099,Mahoning, OH
0500000US39101,Marion, OH
0500000US39103,Medina, OH
0500000US39105,Meigs, OH
0500000US39107,Mercer, OH
0500000US39109,Miami, OH
0500000US39111,Monroe, OH
0500000US39113,Montgomery, OH
0500000US39115,Morgan, OH
0500000US39117,Morrow, OH
0500000US39119,Muskingum, OH
0500000US39121,Noble, OH
0500000US39123,Ottawa, OH
0500000US39125,Paulding, OH
0500000US39127,Perry, OH
0500000US39129,Pickaway, OH
0500000US39131,Pike, OH
0500000US39133,Portage, OH
0500000US39135,Preble, OH
0500000US39137,Putnam, OH
0500000US39139,Richland, OH
0500000US39141,Ross, OH
0500000US39143,Sandusky, OH
0500000US39145,Scioto, OH
0500000US39147,Seneca, OH
0500000US39149,Shelby, OH
0500000US39151,Stark, OH
0500000US39153,Summit, OH
0500000US39155,Trumbull, OH
0500000US39157,Tuscarawas, OH
0500000US39159,Union, OH
0500000US39161,Van Wert, OH
0500000US39163,Vinton, OH
0500000US39165,Warren, OH
0500000US39167,Washington, OH
0500000US39169,Wayne, OH
0500000US39171,Williams, OH
0500000US39173,Wood, OH
0500000US39175,Wyandot, OH
0500000US40001,Adair, OK
0500000US40003,Alfalfa, OK
0500000US40005,Atoka, OK
0500000US40007,Beaver, OK
0500000US40009,Beckham, OK
0500000US40011,Blaine, OK
0500000US40013,Bryan, OK
0500000US40015,Caddo, OK
0500000US40017,Canadian, OK
0500000US40019,Carter, OK
0500000US40021,Cherokee, OK
0500000US40023,Choctaw, OK
0500000US40025,Cimarron, OK
0500000US40027,Cleveland, OK
0500000US40029,Coal, OK
0500000US40031,Comanche, OK
0500000US40033,Cotton, OK
0500000US40035,Craig, OK
0500000US40037,Creek, OK
0500000US40039,Custer, OK
0500000US40041,Delaware, OK
0500000US40043,Dewey, OK
0500000US40045,Ellis, OK
0500000US40047,Garfield, OK
0500000US40049,Garvin, OK
0500000US40051,Grady, OK
0500000US40053,Grant, OK
0500000US40055,Greer, OK
0500000US40057,Harmon, OK
0500000US40059,Harper, OK
0500000US40061,Haskell, OK
0500000US40063,Hughes, OK
0500000US40065,Jackson, OK
0500000US40067,Jefferson, OK
0500000US40069,Johnston, OK
0500000US40071,Kay, OK
0500000US40073,Kingfisher, OK
0500000US40075,Kiowa, OK
0500000US40077,Latimer, OK
0500000US40079,Le Flore, OK
0500000US40081,Lincoln, OK
0500000US40083,Logan, OK
0500000US40085,Love, OK
0500000US40087,McClain, OK
0500000US40089,McCurtain, OK
0500000US40091,McIntosh, OK
0500000US40093,Major, OK
0500000US40095,Marshall, OK
0500000US40097,Mayes, OK
0500000US40099,Murray, OK
0500000US40101,Muskogee, OK
0500000US40103,Noble, OK
0500000US40105,Nowata, OK
0500000US40107,Okfuskee, OK
0500000US40109,Oklahoma, OK
0500000US40111,Okmulgee, OK
0500000US40113,Osage, OK
0500000US40115,Ottawa, OK
0500000US40117,Pawnee, OK
0500000US40119,Payne, OK
0500000US40121,Pittsburg, OK
0500000US40123,Pontotoc, OK
0500000US40125,Pottawatomie, OK
0500000US40127,Pushmataha, OK
0500000US40129,Roger Mills, OK
0500000US40131,Rogers, OK
0500000US40133,Seminole, OK
0500000US40135,Sequoyah, OK
0500000US40137,Stephens, OK
0500000US40139,Texas, OK
0500000US40141,Tillman, OK
0500000US40143,Tulsa, OK
0500000US40145,Wagoner, OK
0500000US40147,Washington, OK
0500000US40149,Washita, OK
0500000US40151,Woods, OK
0500000US40153,Woodward, OK
0500000US41001,Baker, OR
0500000US41003,Benton, OR
0500000US41005,Clackamas, OR
0500000US41007,Clatsop, OR
0500000US41009,Columbia, OR
0500000US41011,Coos, OR
0500000US41013,Crook, OR
0500000US41015,Curry, OR
0500000US41017,Deschutes, OR
0500000US41019,Douglas, OR
0500000US41021,Gilliam, OR
0500000US41023,Grant, OR
0500000US41025,Harney, OR
0500000US41027,Hood River, OR
0500000US41029,Jackson, OR
0500000US41031,Jefferson, OR
0500000US41033,Josephine, OR
0500000US41035,Klamath, OR
0500000US41037,Lake, OR
0500000US41039,Lane, OR
0500000US41041,Lincoln, OR
0500000US41043,Linn, OR
0500000US41045,Malheur, OR
0500000US41047,Marion, OR
0500000US41049,Morrow, OR
0500000US41051,Multnomah, OR
0500000US41053,Polk, OR
0500000US41055,Sherman, OR
0500000US41057,Tillamook, OR
0500000US41059,Umatilla, OR
0500000US41061,Union, OR
0500000US41063,Wallowa, OR
0500000US41065,Wasco, OR
0500000US41067,Washington, OR
0500000US41069,Wheeler, OR
0500000US41071,Yamhill, OR
0500000US42001,Adams, PA
0500000US42003,Allegheny, PA
0500000US42005,Armstrong, PA
0500000US42007,Beaver, PA
0500000US42009,Bedford, PA
0500000US42011,Berks, PA
0500000US42013,Blair, PA
0500000US42015,Bradford, PA
0500000US42017,Bucks, PA
0500000US42019,Butler, PA
0500000US42021,Cambria, PA
0500000US42023,Cameron, PA
0500000US42025,Carbon, PA
0500000US42027,Centre, PA
0500000US42029,Chester, PA
0500000US42031,Clarion, PA
0500000US42033,Clearfield, PA
0500000US42035,Clinton, PA
0500000US42037,Columbia, PA
0500000US42039,Crawford, PA
0500000US42041,Cumberland, PA
0500000US42043,Dauphin, PA
0500000US42045,Delaware, PA
0500000US42047,Elk, PA
0500000US42049,Erie, PA
0500000US42051,Fayette, PA
0500000US42053,Forest, PA
0500000US42055,Franklin, PA
0500000US42057,Fulton, PA
0500000US42059,Greene, PA
0500000US42061,Huntingdon, PA
0500000US42063,Indiana, PA
0500000US42065,Jefferson, PA
0500000US42067,Juniata, PA
0500000US42069,Lackawanna, PA
0500000US42071,Lancaster, PA
0500000US42073,Lawrence, PA
0500000US42075,Lebanon, PA
0500000US42077,Lehigh, PA
0500000US42079,Luzerne, PA
0500000US42081,Lycoming, PA
0500000US42083,McKean, PA
0500000US42085,Mercer, PA
0500000US42087,Mifflin, PA
0500000US42089,Monroe, PA
0500000US42091,Montgomery, PA
0500000US42093,Montour, PA
0500000US42095,Northampton, PA
0500000US42097,Northumberland, PA
0500000US42099,Perry, PA
0500000US42101,Philadelphia, PA
0500000US42103,Pike, PA
0500000US42105,Potter, PA
0500000US42107,Schuylkill, PA
0500000US42109,Snyder, PA
0500000US42111,Somerset, PA
0500000US42113,Sullivan, PA
0500000US42115,Susquehanna, PA
0500000US42117,Tioga, PA
0500000US42119,Union, PA
0500000US42121,Venango, PA
0500000US42123,Warren, PA
0500000US42125,Washington, PA
0500000US42127,Wayne, PA
0500000US42129,Westmoreland, PA
0500000US42131,Wyoming, PA
0500000US42133,York, PA
0500000US44001,Bristol, RI
0500000US44003,Kent, RI
0500000US44005,Newport, RI
0500000US44007,Providence, RI
0500000US44009,Washington, RI
0500000US45001,Abbeville, SC
0500000US45003,Aiken, SC
0500000US45005,Allendale, SC
0500000US45007,Anderson, SC
0500000US45009,Bamberg, SC
0500000US45011,Barnwell, SC
0500000US45013,Beaufort, SC
0500000US45015,Berkeley, SC
0500000US45017,Calhoun, SC
0500000US45019,Charleston, SC
0500000US45021,Cherokee, SC
0500000US45023,Chester, SC
0500000US45025,Chesterfield, SC
0500000US45027,Clarendon, SC
0500000US45029,Colleton, SC
0500000US45031,Darlington, SC
0500000US45033,Dillon, SC
0500000US45035,Dorchester, SC
0500000US45037,Edgefield, SC
0500000US45039,Fairfield, SC
0500000US45041,Florence, SC
0500000US45043,Georgetown, SC
0500000US45045,Greenville, SC
0500000US45047,Greenwood, SC
0500000US45049,Hampton, SC
0500000US45051,Horry, SC
0500000US45053,Jasper, SC
0500000US45055,Kershaw, SC
0500000US45057,Lancaster, SC
0500000US45059,Laurens, SC
0500000US45061,Lee, SC
0500000US45063,Lexington, SC
0500000US45065,McCormick, SC
0500000US45067,Marion, SC
0500000US45069,Marlboro, SC
0500000US45071,Newberry, SC
0500000US45073,Oconee, SC
0500000US45075,Orangeburg, SC
0500000US45077,Pickens, SC
0500000US45079,Richland, SC
0500000US45081,Saluda, SC
0500000US45083,Spartanburg, SC
0500000US45085,Sumter, SC
0500000US45087,Union, SC
0500000US45089,Williamsburg, SC
0500000US45091,York, SC
0500000US46003,Aurora, SD
0500000US46005,Beadle, SD
0500000US46007,Bennett, SD
0500000US46009,Bon Homme, SD
0500000US46011,Brookings, SD
0500000US46013,Brown, SD
0500000US46015,Brule, SD
0500000US46017,Buffalo, SD
0500000US46019,Butte, SD
0500000US46021,Campbell, SD
0500000US46023,Charles Mix, SD
0500000US46025,Clark, SD
0500000US46027,Clay, SD
0500000US46029,Codington, SD
0500000US46031,Corson, SD
0500000US46033,Custer, SD
0500000US46035,Davison, SD
0500000US46037,Day, SD
0500000US46039,Deuel, SD
0500000US46041,Dewey, SD
0500000US46043,Douglas, SD
0500000US46045,Edmunds, SD
0500000US46047,Fall River, SD
0500000US46049,Faulk, SD
0500000US46051,Grant, SD
0500000US46053,Gregory, SD
0500000US46055,Haakon, SD
0500000US46057,Hamlin, SD
0500000US46059,Hand, SD
0500000US46061,Hanson, SD
0500000US46063,Harding, SD
0500000US46065,Hughes, SD
0500000US46067,Hutchinson, SD
0500000US46069,Hyde, SD
0500000US46071,Jackson, SD
0500000US46073,Jerauld, SD
0500000US46075,Jones, SD
0500000US46077,Kingsbury, SD
0500000US46079,Lake, SD
0500000US46081,Lawrence, SD
0500000US46083,Lincoln, SD
0500000US46085,Lyman, SD
0500000US46087,McCook, SD
0500000US46089,McPherson, SD
0500000US46091,Marshall, SD
0500000US46093,Meade, SD
0500000US46095,Mellette, SD
0500000US46097,Miner, SD
0500000US46099,Minnehaha, SD
0500000US46101,Moody, SD
0500000US46103,Pennington, SD
0500000US46105,Perkins, SD
0500000US46107,Potter, SD
0500000US46109,Roberts, SD
0500000US46111,Sanborn, SD
0500000US46113,Shannon, SD
0500000US46115,Spink, SD
0500000US46117,Stanley, SD
0500000US46119,Sully, SD
0500000US46121,Todd, SD
0500000US46123,Tripp, SD
0500000US46125,Turner, SD
0500000US46127,Union, SD
0500000US46129,Walworth, SD
0500000US46135,Yankton, SD
0500000US46137,Ziebach, SD
0500000US47001,Anderson, TN
0500000US47003,Bedford, TN
0500000US47005,Benton, TN
0500000US47007,Bledsoe, TN
0500000US47009,Blount, TN
0500000US47011,Bradley, TN
0500000US47013,Campbell, TN
0500000US47015,Cannon, TN
0500000US47017,Carroll, TN
0500000US47019,Carter, TN
0500000US47021,Cheatham, TN
0500000US47023,Chester, TN
0500000US47025,Claiborne, TN
0500000US47027,Clay, TN
0500000US47029,Cocke, TN
0500000US47031,Coffee, TN
0500000US47033,Crockett, TN
0500000US47035,Cumberland, TN
0500000US47037,Davidson, TN
0500000US47039,Decatur, TN
0500000US47041,DeKalb, TN
0500000US47043,Dickson, TN
0500000US47045,Dyer, TN
0500000US47047,Fayette, TN
0500000US47049,Fentress, TN
0500000US47051,Franklin, TN
0500000US47053,Gibson, TN
0500000US47055,Giles, TN
0500000US47057,Grainger, TN
0500000US47059,Greene, TN
0500000US47061,Grundy, TN
0500000US47063,Hamblen, TN
0500000US47065,Hamilton, TN
0500000US47067,Hancock, TN
0500000US47069,Hardeman, TN
0500000US47071,Hardin, TN
0500000US47073,Hawkins, TN
0500000US47075,Haywood, TN
0500000US47077,Henderson, TN
0500000US47079,Henry, TN
0500000US47081,Hickman, TN
0500000US47083,Houston, TN
0500000US47085,Humphreys, TN
0500000US47087,Jackson, TN
0500000US47089,Jefferson, TN
0500000US47091,Johnson, TN
0500000US47093,Knox, TN
0500000US47095,Lake, TN
0500000US47097,Lauderdale, TN
0500000US47099,Lawrence, TN
0500000US47101,Lewis, TN
0500000US47103,Lincoln, TN
0500000US47105,Loudon, TN
0500000US47107,McMinn, TN
0500000US47109,McNairy, TN
0500000US47111,Macon, TN
0500000US47113,Madison, TN
0500000US47115,Marion, TN
0500000US47117,Marshall, TN
0500000US47119,Maury, TN
0500000US47121,Meigs, TN
0500000US47123,Monroe, TN
0500000US47125,Montgomery, TN
0500000US47127,Moore, TN
0500000US47129,Morgan, TN
0500000US47131,Obion, TN
0500000US47133,Overton, TN
0500000US47135,Perry, TN
0500000US47137,Pickett, TN
0500000US47139,Polk, TN
0500000US47141,Putnam, TN
0500000US47143,Rhea, TN
0500000US47145,Roane, TN
0500000US47147,Robertson, TN
0500000US47149,Rutherford, TN
0500000US47151,Scott, TN
0500000US47153,Sequatchie, TN
0500000US47155,Sevier, TN
0500000US47157,Shelby, TN
0500000US47159,Smith, TN
0500000US47161,Stewart, TN
0500000US47163,Sullivan, TN
0500000US47165,Sumner, TN
0500000US47167,Tipton, TN
0500000US47169,Trousdale, TN
0500000US47171,Unicoi, TN
0500000US47173,Union, TN
0500000US47175,Van Buren, TN
0500000US47177,Warren, TN
0500000US47179,Washington, TN
0500000US47181,Wayne, TN
0500000US47183,Weakley, TN
0500000US47185,White, TN
0500000US47187,Williamson, TN
0500000US47189,Wilson, TN
0500000US48001,Anderson, TX
0500000US48003,Andrews, TX
0500000US48005,Angelina, TX
0500000US48007,Aransas, TX
0500000US48009,Archer, TX
0500000US48011,Armstrong, TX
0500000US48013,Atascosa, TX
0500000US48015,Austin, TX
0500000US48017,Bailey, TX
0500000US48019,Bandera, TX
0500000US48021,Bastrop, TX
0500000US48023,Baylor, TX
0500000US48025,Bee, TX
0500000US48027,Bell, TX
0500000US48029,Bexar, TX
0500000US48031,Blanco, TX
0500000US48033,Borden, TX
0500000US48035,Bosque, TX
0500000US48037,Bowie, TX
0500000US48039,Brazoria, TX
0500000US48041,Brazos, TX
0500000US48043,Brewster, TX
0500000US48045,Briscoe, TX
0500000US48047,Brooks, TX
0500000US48049,Brown, TX
0500000US48051,Burleson, TX
0500000US48053,Burnet, TX
0500000US48055,Caldwell, TX
0500000US48057,Calhoun, TX
0500000US48059,Callahan, TX
0500000US48061,Cameron, TX
0500000US48063,Camp, TX
0500000US48065,Carson, TX
0500000US48067,Cass, TX
0500000US48069,Castro, TX
0500000US48071,Chambers, TX
0500000US48073,Cherokee, TX
0500000US48075,Childress, TX
0500000US48077,Clay, TX
0500000US48079,Cochran, TX
0500000US48081,Coke, TX
0500000US48083,Coleman, TX
0500000US48085,Collin, TX
0500000US48087,Collingsworth, TX
0500000US48089,Colorado, TX
0500000US48091,Comal, TX
0500000US48093,Comanche, TX
0500000US48095,Concho, TX
0500000US48097,Cooke, TX
0500000US48099,Coryell, TX
0500000US48101,Cottle, TX
0500000US48103,Crane, TX
0500000US48105,Crockett, TX
0500000US48107,Crosby, TX
0500000US48109,Culberson, TX
0500000US48111,Dallam, TX
0500000US48113,Dallas, TX
0500000US48115,Dawson, TX
0500000US48117,Deaf Smith, TX
0500000US48119,Delta, TX
0500000US48121,Denton, TX
0500000US48123,DeWitt, TX
0500000US48125,Dickens, TX
0500000US48127,Dimmit, TX
0500000US48129,Donley, TX
0500000US48131,Duval, TX
0500000US48133,Eastland, TX
0500000US48135,Ector, TX
0500000US48137,Edwards, TX
0500000US48139,Ellis, TX
0500000US48141,El Paso, TX
0500000US48143,Erath, TX
0500000US48145,Falls, TX
0500000US48147,Fannin, TX
0500000US48149,Fayette, TX
0500000US48151,Fisher, TX
0500000US48153,Floyd, TX
0500000US48155,Foard, TX
0500000US48157,Fort Bend, TX
0500000US48159,Franklin, TX
0500000US48161,Freestone, TX
0500000US48163,Frio, TX
0500000US48165,Gaines, TX
0500000US48167,Galveston, TX
0500000US48169,Garza, TX
0500000US48171,Gillespie, TX
0500000US48173,Glasscock, TX
0500000US48175,Goliad, TX
0500000US48177,Gonzales, TX
0500000US48179,Gray, TX
0500000US48181,Grayson, TX
0500000US48183,Gregg, TX
0500000US48185,Grimes, TX
0500000US48187,Guadalupe, TX
0500000US48189,Hale, TX
0500000US48191,Hall, TX
0500000US48193,Hamilton, TX
0500000US48195,Hansford, TX
0500000US48197,Hardeman, TX
0500000US48199,Hardin, TX
0500000US48201,Harris, TX
0500000US48203,Harrison, TX
0500000US48205,Hartley, TX
0500000US48207,Haskell, TX
0500000US48209,Hays, TX
0500000US48211,Hemphill, TX
0500000US48213,Henderson, TX
0500000US48215,Hidalgo, TX
0500000US48217,Hill, TX
0500000US48219,Hockley, TX
0500000US48221,Hood, TX
0500000US48223,Hopkins, TX
0500000US48225,Houston, TX
0500000US48227,Howard, TX
0500000US48229,Hudspeth, TX
0500000US48231,Hunt, TX
0500000US48233,Hutchinson, TX
0500000US48235,Irion, TX
0500000US48237,Jack, TX
0500000US48239,Jackson, TX
0500000US48241,Jasper, TX
0500000US48243,Jeff Davis, TX
0500000US48245,Jefferson, TX
0500000US48247,Jim Hogg, TX
0500000US48249,Jim Wells, TX
0500000US48251,Johnson, TX
0500000US48253,Jones, TX
0500000US48255,Karnes, TX
0500000US48257,Kaufman, TX
0500000US48259,Kendall, TX
0500000US48261,Kenedy, TX
0500000US48263,Kent, TX
0500000US48265,Kerr, TX
0500000US48267,Kimble, TX
0500000US48269,King, TX
0500000US48271,Kinney, TX
0500000US48273,Kleberg, TX
0500000US48275,Knox, TX
0500000US48277,Lamar, TX
0500000US48279,Lamb, TX
0500000US48281,Lampasas, TX
0500000US48283,La Salle, TX
0500000US48285,Lavaca, TX
0500000US48287,Lee, TX
0500000US48289,Leon, TX
0500000US48291,Liberty, TX
0500000US48293,Limestone, TX
0500000US48295,Lipscomb, TX
0500000US48297,Live Oak, TX
0500000US48299,Llano, TX
0500000US48301,Loving, TX
0500000US48303,Lubbock, TX
0500000US48305,Lynn, TX
0500000US48307,McCulloch, TX
0500000US48309,McLennan, TX
0500000US48311,McMullen, TX
0500000US48313,Madison, TX
0500000US48315,Marion, TX
0500000US48317,Martin, TX
0500000US48319,Mason, TX
0500000US48321,Matagorda, TX
0500000US48323,Maverick, TX
0500000US48325,Medina, TX
0500000US48327,Menard, TX
0500000US48329,Midland, TX
0500000US48331,Milam, TX
0500000US48333,Mills, TX
0500000US48335,Mitchell, TX
0500000US48337,Montague, TX
0500000US48339,Montgomery, TX
0500000US48341,Moore, TX
0500000US48343,Morris, TX
0500000US48345,Motley, TX
0500000US48347,Nacogdoches, TX
0500000US48349,Navarro, TX
0500000US48351,Newton, TX
0500000US48353,Nolan, TX
0500000US48355,Nueces, TX
0500000US48357,Ochiltree, TX
0500000US48359,Oldham, TX
0500000US48361,Orange, TX
0500000US48363,Palo Pinto, TX
0500000US48365,Panola, TX
0500000US48367,Parker, TX
0500000US48369,Parmer, TX
0500000US48371,Pecos, TX
0500000US48373,Polk, TX
0500000US48375,Potter, TX
0500000US48377,Presidio, TX
0500000US48379,Rains, TX
0500000US48381,Randall, TX
0500000US48383,Reagan, TX
0500000US48385,Real, TX
0500000US48387,Red River, TX
0500000US48389,Reeves, TX
0500000US48391,Refugio, TX
0500000US48393,Roberts, TX
0500000US48395,Robertson, TX
0500000US48397,Rockwall, TX
0500000US48399,Runnels, TX
0500000US48401,Rusk, TX
0500000US48403,Sabine, TX
0500000US48405,San Augustine, TX
0500000US48407,San Jacinto, TX
0500000US48409,San Patricio, TX
0500000US48411,San Saba, TX
0500000US48413,Schleicher, TX
0500000US48415,Scurry, TX
0500000US48417,Shackelford, TX
0500000US48419,Shelby, TX
0500000US48421,Sherman, TX
0500000US48423,Smith, TX
0500000US48425,Somervell, TX
0500000US48427,Starr, TX
0500000US48429,Stephens, TX
0500000US48431,Sterling, TX
0500000US48433,Stonewall, TX
0500000US48435,Sutton, TX
0500000US48437,Swisher, TX
0500000US48439,Tarrant, TX
0500000US48441,Taylor, TX
0500000US48443,Terrell, TX
0500000US48445,Terry, TX
0500000US48447,Throckmorton, TX
0500000US48449,Titus, TX
0500000US48451,Tom Green, TX
0500000US48453,Travis, TX
0500000US48455,Trinity, TX
0500000US48457,Tyler, TX
0500000US48459,Upshur, TX
0500000US48461,Upton, TX
0500000US48463,Uvalde, TX
0500000US48465,Val Verde, TX
0500000US48467,Van Zandt, TX
0500000US48469,Victoria, TX
0500000US48471,Walker, TX
0500000US48473,Waller, TX
0500000US48475,Ward, TX
0500000US48477,Washington, TX
0500000US48479,Webb, TX
0500000US48481,Wharton, TX
0500000US48483,Wheeler, TX
0500000US48485,Wichita, TX
0500000US48487,Wilbarger, TX
0500000US48489,Willacy, TX
0500000US48491,Williamson, TX
0500000US48493,Wilson, TX
0500000US48495,Winkler, TX
0500000US48497,Wise, TX
0500000US48499,Wood, TX
0500000US48501,Yoakum, TX
0500000US48503,Young, TX
0500000US48505,Zapata, TX
0500000US48507,Zavala, TX
0500000US49001,Beaver, UT
0500000US49003,Box Elder, UT
0500000US49005,Cache, UT
0500000US49007,Carbon, UT
0500000US49009,Daggett, UT
0500000US49011,Davis, UT
0500000US49013,Duchesne, UT
0500000US49015,Emery, UT
0500000US49017,Garfield, UT
0500000US49019,Grand, UT
0500000US49021,Iron, UT
0500000US49023,Juab, UT
0500000US49025,Kane, UT
0500000US49027,Millard, UT
0500000US49029,Morgan, UT
0500000US49031,Piute, UT
0500000US49033,Rich, UT
0500000US49035,Salt Lake, UT
0500000US49037,San Juan, UT
0500000US49039,Sanpete, UT
0500000US49041,Sevier, UT
0500000US49043,Summit, UT
0500000US49045,Tooele, UT
0500000US49047,Uintah, UT
0500000US49049,Utah, UT
0500000US49051,Wasatch, UT
0500000US49053,Washington, UT
0500000US49055,Wayne, UT
0500000US49057,Weber, UT
0500000US50001,Addison, VT
0500000US50003,Bennington, VT
0500000US50005,Caledonia, VT
0500000US50007,Chittenden, VT
0500000US50009,Essex, VT
0500000US50011,Franklin, VT
0500000US50013,Grand Isle, VT
0500000US50015,Lamoille, VT
0500000US50017,Orange, VT
0500000US50019,Orleans, VT
0500000US50021,Rutland, VT
0500000US50023,Washington, VT
0500000US50025,Windham, VT
0500000US50027,Windsor, VT
0500000US51001,Accomack, VA
0500000US51003,Albemarle, VA
0500000US51005,Alleghany, VA
0500000US51007,Amelia, VA
0500000US51009,Amherst, VA
0500000US51011,Appomattox, VA
0500000US51013,Arlington, VA
0500000US51015,Augusta, VA
0500000US51017,Bath, VA
0500000US51019,Bedford, VA
0500000US51021,Bland, VA
0500000US51023,Botetourt, VA
0500000US51025,Brunswick, VA
0500000US51027,Buchanan, VA
0500000US51029,Buckingham, VA
0500000US51031,Campbell, VA
0500000US51033,Caroline, VA
0500000US51035,Carroll, VA
0500000US51036,Charles City (city), VA
0500000US51037,Charlotte, VA
0500000US51041,Chesterfield, VA
0500000US51043,Clarke, VA
0500000US51045,Craig, VA
0500000US51047,Culpeper, VA
0500000US51049,Cumberland, VA
0500000US51051,Dickenson, VA
0500000US51053,Dinwiddie, VA
0500000US51057,Essex, VA
0500000US51059,Fairfax, VA
0500000US51061,Fauquier, VA
0500000US51063,Floyd, VA
0500000US51065,Fluvanna, VA
0500000US51067,Franklin, VA
0500000US51069,Frederick, VA
0500000US51071,Giles, VA
0500000US51073,Gloucester, VA
0500000US51075,Goochland, VA
0500000US51077,Grayson, VA
0500000US51079,Greene, VA
0500000US51081,Greensville, VA
0500000US51083,Halifax, VA
0500000US51085,Hanover, VA
0500000US51087,Henrico, VA
0500000US51089,Henry, VA
0500000US51091,Highland, VA
0500000US51093,Isle of Wight, VA
0500000US51095,James City (city), VA
0500000US51097,King and Queen, VA
0500000US51099,King George, VA
0500000US51101,King William, VA
0500000US51103,Lancaster, VA
0500000US51105,Lee, VA
0500000US51107,Loudoun, VA
0500000US51109,Louisa, VA
0500000US51111,Lunenburg, VA
0500000US51113,Madison, VA
0500000US51115,Mathews, VA
0500000US51117,Mecklenburg, VA
0500000US51119,Middlesex, VA
0500000US51121,Montgomery, VA
0500000US51125,Nelson, VA
0500000US51127,New Kent, VA
0500000US51131,Northampton, VA
0500000US51133,Northumberland, VA
0500000US51135,Nottoway, VA
0500000US51137,Orange, VA
0500000US51139,Page, VA
0500000US51141,Patrick, VA
0500000US51143,Pittsylvania, VA
0500000US51145,Powhatan, VA
0500000US51147,Prince Edward, VA
0500000US51149,Prince George, VA
0500000US51153,Prince William, VA
0500000US51155,Pulaski, VA
0500000US51157,Rappahannock, VA
0500000US51159,Richmond, VA
0500000US51161,Roanoke, VA
0500000US51163,Rockbridge, VA
0500000US51165,Rockingham, VA
0500000US51167,Russell, VA
0500000US51169,Scott, VA
0500000US51171,Shenandoah, VA
0500000US51173,Smyth, VA
0500000US51175,Southampton, VA
0500000US51177,Spotsylvania, VA
0500000US51179,Stafford, VA
0500000US51181,Surry, VA
0500000US51183,Sussex, VA
0500000US51185,Tazewell, VA
0500000US51187,Warren, VA
0500000US51191,Washington, VA
0500000US51193,Westmoreland, VA
0500000US51195,Wise, VA
0500000US51197,Wythe, VA
0500000US51199,York, VA
0500000US51510,Alexandria (city), VA
0500000US51515,Bedford (city), VA
0500000US51520,Bristol (city), VA
0500000US51530,Buena Vista (city), VA
0500000US51540,Charlottesville (city), VA
0500000US51550,Chesapeake (city), VA
0500000US51560,Clifton Forge (city), VA
0500000US51570,Colonial Heights (city), VA
0500000US51580,Covington (city), VA
0500000US51590,Danville (city), VA
0500000US51595,Emporia (city), VA
0500000US51600,Fairfax (city), VA
0500000US51610,Falls Church (city), VA
0500000US51620,Franklin (city), VA
0500000US51630,Fredericksburg (city), VA
0500000US51640,Galax (city), VA
0500000US51650,Hampton (city), VA
0500000US51660,Harrisonburg (city), VA
0500000US51670,Hopewell (city), VA
0500000US51678,Lexington (city), VA
0500000US51680,Lynchburg (city), VA
0500000US51683,Manassas (city), VA
0500000US51685,Manassas Park (city), VA
0500000US51690,Martinsville (city), VA
0500000US51700,Newport News (city), VA
0500000US51710,Norfolk (city), VA
0500000US51720,Norton (city), VA
0500000US51730,Petersburg (city), VA
0500000US51735,Poquoson (city), VA
0500000US51740,Portsmouth (city), VA
0500000US51750,Radford (city), VA
0500000US51760,Richmond (city), VA
0500000US51770,Roanoke (city), VA
0500000US51775,Salem (city), VA
0500000US51790,Staunton (city), VA
0500000US51800,Suffolk (city), VA
0500000US51810,Virginia Beach (city), VA
0500000US51820,Waynesboro (city), VA
0500000US51830,Williamsburg (city), VA
0500000US51840,Winchester (city), VA
0500000US53001,Adams, WA
0500000US53003,Asotin, WA
0500000US53005,Benton, WA
0500000US53007,Chelan, WA
0500000US53009,Clallam, WA
0500000US53011,Clark, WA
0500000US53013,Columbia, WA
0500000US53015,Cowlitz, WA
0500000US53017,Douglas, WA
0500000US53019,Ferry, WA
0500000US53021,Franklin, WA
0500000US53023,Garfield, WA
0500000US53025,Grant, WA
0500000US53027,Grays Harbor, WA
0500000US53029,Island, WA
0500000US53031,Jefferson, WA
0500000US53033,King, WA
0500000US53035,Kitsap, WA
0500000US53037,Kittitas, WA
0500000US53039,Klickitat, WA
0500000US53041,Lewis, WA
0500000US53043,Lincoln, WA
0500000US53045,Mason, WA
0500000US53047,Okanogan, WA
0500000US53049,Pacific, WA
0500000US53051,Pend Oreille, WA
0500000US53053,Pierce, WA
0500000US53055,San Juan, WA
0500000US53057,Skagit, WA
0500000US53059,Skamania, WA
0500000US53061,Snohomish, WA
0500000US53063,Spokane, WA
0500000US53065,Stevens, WA
0500000US53067,Thurston, WA
0500000US53069,Wahkiakum, WA
0500000US53071,Walla Walla, WA
0500000US53073,Whatcom, WA
0500000US53075,Whitman, WA
0500000US53077,Yakima, WA
0500000US54001,Barbour, WV
0500000US54003,Berkeley, WV
0500000US54005,Boone, WV
0500000US54007,Braxton, WV
0500000US54009,Brooke, WV
0500000US54011,Cabell, WV
0500000US54013,Calhoun, WV
0500000US54015,Clay, WV
0500000US54017,Doddridge, WV
0500000US54019,Fayette, WV
0500000US54021,Gilmer, WV
0500000US54023,Grant, WV
0500000US54025,Greenbrier, WV
0500000US54027,Hampshire, WV
0500000US54029,Hancock, WV
0500000US54031,Hardy, WV
0500000US54033,Harrison, WV
0500000US54035,Jackson, WV
0500000US54037,Jefferson, WV
0500000US54039,Kanawha, WV
0500000US54041,Lewis, WV
0500000US54043,Lincoln, WV
0500000US54045,Logan, WV
0500000US54047,McDowell, WV
0500000US54049,Marion, WV
0500000US54051,Marshall, WV
0500000US54053,Mason, WV
0500000US54055,Mercer, WV
0500000US54057,Mineral, WV
0500000US54059,Mingo, WV
0500000US54061,Monongalia, WV
0500000US54063,Monroe, WV
0500000US54065,Morgan, WV
0500000US54067,Nicholas, WV
0500000US54069,Ohio, WV
0500000US54071,Pendleton, WV
0500000US54073,Pleasants, WV
0500000US54075,Pocahontas, WV
0500000US54077,Preston, WV
0500000US54079,Putnam, WV
0500000US54081,Raleigh, WV
0500000US54083,Randolph, WV
0500000US54085,Ritchie, WV
0500000US54087,Roane, WV
0500000US54089,Summers, WV
0500000US54091,Taylor, WV
0500000US54093,Tucker, WV
0500000US54095,Tyler, WV
0500000US54097,Upshur, WV
0500000US54099,Wayne, WV
0500000US54101,Webster, WV
0500000US54103,Wetzel, WV
0500000US54105,Wirt, WV
0500000US54107,Wood, WV
0500000US54109,Wyoming, WV
0500000US55001,Adams, WI
0500000US55003,Ashland, WI
0500000US55005,Barron, WI
0500000US55007,Bayfield, WI
0500000US55009,Brown, WI
0500000US55011,Buffalo, WI
0500000US55013,Burnett, WI
0500000US55015,Calumet, WI
0500000US55017,Chippewa, WI
0500000US55019,Clark, WI
0500000US55021,Columbia, WI
0500000US55023,Crawford, WI
0500000US55025,Dane, WI
0500000US55027,Dodge, WI
0500000US55029,Door, WI
0500000US55031,Douglas, WI
0500000US55033,Dunn, WI
0500000US55035,Eau Claire, WI
0500000US55037,Florence, WI
0500000US55039,Fond du Lac, WI
0500000US55041,Forest, WI
0500000US55043,Grant, WI
0500000US55045,Green, WI
0500000US55047,Green Lake, WI
0500000US55049,Iowa, WI
0500000US55051,Iron, WI
0500000US55053,Jackson, WI
0500000US55055,Jefferson, WI
0500000US55057,Juneau, WI
0500000US55059,Kenosha, WI
0500000US55061,Kewaunee, WI
0500000US55063,La Crosse, WI
0500000US55065,Lafayette, WI
0500000US55067,Langlade, WI
0500000US55069,Lincoln, WI
0500000US55071,Manitowoc, WI
0500000US55073,Marathon, WI
0500000US55075,Marinette, WI
0500000US55077,Marquette, WI
0500000US55078,Menominee, WI
0500000US55079,Milwaukee, WI
0500000US55081,Monroe, WI
0500000US55083,Oconto, WI
0500000US55085,Oneida, WI
0500000US55087,Outagamie, WI
0500000US55089,Ozaukee, WI
0500000US55091,Pepin, WI
0500000US55093,Pierce, WI
0500000US55095,Polk, WI
0500000US55097,Portage, WI
0500000US55099,Price, WI
0500000US55101,Racine, WI
0500000US55103,Richland, WI
0500000US55105,Rock, WI
0500000US55107,Rusk, WI
0500000US55109,St. Croix, WI
0500000US55111,Sauk, WI
0500000US55113,Sawyer, WI
0500000US55115,Shawano, WI
0500000US55117,Sheboygan, WI
0500000US55119,Taylor, WI
0500000US55121,Trempealeau, WI
0500000US55123,Vernon, WI
0500000US55125,Vilas, WI
0500000US55127,Walworth, WI
0500000US55129,Washburn, WI
0500000US55131,Washington, WI
0500000US55133,Waukesha, WI
0500000US55135,Waupaca, WI
0500000US55137,Waushara, WI
0500000US55139,Winnebago, WI
0500000US55141,Wood, WI
0500000US56001,Albany, WY
0500000US56003,Big Horn, WY
0500000US56005,Campbell, WY
0500000US56007,Carbon, WY
0500000US56009,Converse, WY
0500000US56011,Crook, WY
0500000US56013,Fremont, WY
0500000US56015,Goshen, WY
0500000US56017,Hot Springs, WY
0500000US56019,Johnson, WY
0500000US56021,Laramie, WY
0500000US56023,Lincoln, WY
0500000US56025,Natrona, WY
0500000US56027,Niobrara, WY
0500000US56029,Park, WY
0500000US56031,Platte, WY
0500000US56033,Sheridan, WY
0500000US56035,Sublette, WY
0500000US56037,Sweetwater, WY
0500000US56039,Teton, WY
0500000US56041,Uinta, WY
0500000US56043,Washakie, WY
0500000US56045,Weston, WY
0500000US60010,Eastern District, AS
0500000US60020,Manu'a District, AS
0500000US60030,Rose Island, AS
0500000US60040,Swains Island, AS
0500000US60050,Western District, AS
0500000US66010,Guam, GU
0500000US69085,Northern Islands, MP
0500000US69100,Rota, MP
0500000US69110,Saipan, MP
0500000US69120,Tinian, MP
0500000US72001,Adjuntas, PR
0500000US72003,Aguada, PR
0500000US72005,Aguadilla, PR
0500000US72007,Aguas Buenas, PR
0500000US72009,Aibonito, PR
0500000US72011,Anasco, PR
0500000US72013,Arecibo, PR
0500000US72015,Arroyo, PR
0500000US72017,Barceloneta, PR
0500000US72019,Barranquitas, PR
0500000US72021,Bayamo'n, PR
0500000US72023,Cabo Rojo, PR
0500000US72025,Caguas, PR
0500000US72027,Camuy, PR
0500000US72029,Canovanas, PR
0500000US72031,Carolina, PR
0500000US72033,Catano, PR
0500000US72035,Cayey, PR
0500000US72037,Ceiba, PR
0500000US72039,Ciales, PR
0500000US72041,Cidra, PR
0500000US72043,Coamo, PR
0500000US72045,Comerio, PR
0500000US72047,Corozal, PR
0500000US72049,Culebra, PR
0500000US72051,Dorado, PR
0500000US72053,Fajardo, PR
0500000US72054,Florida, PR
0500000US72055,Guanica, PR
0500000US72057,Guayama, PR
0500000US72059,Guayanilla, PR
0500000US72061,Guaynabo, PR
0500000US72063,Gurabo, PR
0500000US72065,Hatillo, PR
0500000US72067,Hormigueros, PR
0500000US72069,Humacao, PR
0500000US72071,lsabela, PR
0500000US72073,Jayuya, PR
0500000US72075,Juana Diaz, PR
0500000US72077,Juncos, PR
0500000US72079,Lajas, PR
0500000US72081,Lares, PR
0500000US72083,Las Marias, PR
0500000US72085,Las Piedras, PR
0500000US72087,Loiza, PR
0500000US72089,Luquillo, PR
0500000US72091,Manati, PR
0500000US72093,Maricao, PR
0500000US72095,Maunabo, PR
0500000US72097,Mayaguez, PR
0500000US72099,Moca, PR
0500000US72101,Morovis, PR
0500000US72103,Naguabo, PR
0500000US72105,Naranjito, PR
0500000US72107,Orocovis, PR
0500000US72109,Patillas, PR
0500000US72111,Penuelas, PR
0500000US72113,Ponce, PR
0500000US72115,Quebradillas, PR
0500000US72117,Rincon, PR
0500000US72119,Rio Grande, PR
0500000US72121,Sabana Grande, PR
0500000US72123,Salinas, PR
0500000US72125,San German, PR
0500000US72127,San Juan, PR
0500000US72129,San Lorenzo, PR
0500000US72131,San Sebastian, PR
0500000US72133,Santa Isabel, PR
0500000US72135,Toa Alta, PR
0500000US72137,Toa Baja, PR
0500000US72139,Trujillo Alto, PR
0500000US72141,Utuado, PR
0500000US72143,Vega Alta, PR
0500000US72145,Vega Baja, PR
0500000US72147,Vieques, PR
0500000US72149,Villalba, PR
0500000US72151,Yabucoa, PR
0500000US72153,Yauco, PR
0500000US78010,St. Croix, VI
0500000US78020,St. John, VI
0500000US78030,St. Thomas, VI
0500000US64002,Chuuk*, FM
0500000US64005,Kosrae, FM
0500000US64040,Pohnpeit*, FM
0500000US64060,Yap, FM
0500000US68007,Ailinginae, MH
0500000US68010,Ailinglaplap, MH
0500000US68030,Ailuk, MH
0500000US68040,Arno, MH
0500000US68050,Aur, MH
0500000US68060,Bikar, MH
0500000US68070,Bikini, MH
0500000US68073,Bokak, MH
0500000US68080,Ebon, MH
0500000US68090,Enewetak, MH
0500000US68100,Erikub, MH
0500000US68110,Jabat, MH
0500000US68120,Jaluit, MH
0500000US68130,Jemo*, MH
0500000US68140,Kili, MH
0500000US68150,Kwajalein, MH
0500000US68160,Lae, MH
0500000US68170,Lib, MH
0500000US68180,Likiep, MH
0500000US68190,Majuro, MH
0500000US68300,Maloelap, MH
0500000US68310,Mejit, MH
0500000US68320,Mili, MH
0500000US68330,Namorik, MH
0500000US68340,Namu, MH
0500000US68350,Rongelap, MH
0500000US68360,Rongrik, MH
0500000US68385,Toke, MH
0500000US68390,Ujae, MH
0500000US68400,Ujelang, MH
0500000US68410,Utrik, MH
0500000US68420,Wotho, MH
0500000US68430,Wotle, MH
0500000US70002,Aimeliik, PW
0500000US70004,Airai, PW
0500000US70010,Angaur, PW
0500000US70050,Hatoboheit*, PW
0500000US70100,Kayangel, PW
0500000US70150,Koror, PW
0500000US70212,Melekeok*, PW
0500000US70214,Ngaraard, PW
0500000US70218,Ngarchelong, PW
0500000US70222,Ngardmau, PW
0500000US70224,Ngatpang, PW
0500000US70226,Ngchesar, PW
0500000US70227,Ngernmlengui*, PW
0500000US70228,Ngiwal, PW
0500000US70350,Peleliu, PW
0500000US70370,Sonsorol, PW
0500000US74050,Baker Island, UM
0500000US74100,Howland Island, UM
0500000US74150,Jarvis Island, UM
0500000US74200,Johnston Island, UM
0500000US74250,Kingman Reef, UM
0500000US74300,Midway Islands, UM
0500000US74350,Navassa Island, UM
0500000US74400,Palmyra Atoll, UM
0500000US74450,Wake Island, UM